deployment_id,time,latitude,longitude,receiver_model,receiver_reference_id,array_name,project_reference,recovery_datetime_utc
,UTC,degrees_north,degrees_east,,,,,UTC
11-BAYFRONT MARINA-VR2W-113051-2017_08_16T23,2017-08-16T23:00:00Z,43.27738,-79.86687,VR2W,V2LWLONA_11-BAYFRONT MARINA,V2LWLONA,V2LWLONA,2017-10-24T19:52:00Z
11-BAYFRONT MARINA-VR2W-113051-2017_10_24T20,2017-10-24T20:14:00Z,43.27738,-79.86687,VR2W,V2LWLONA_11-BAYFRONT MARINA,V2LWLONA,V2LWLONA,2018-04-27T14:00:00Z
11-BAYFRONT MARINA-VR2W-113051-2018_04_27T17,2018-04-27T17:37:00Z,43.27738,-79.86687,VR2W,V2LWLONA_11-BAYFRONT MARINA,V2LWLONA,V2LWLONA,2018-10-29T19:00:00Z
11-BAYFRONT MARINA-VR2W-113051-2018_10_29T19,2018-10-29T19:54:00Z,43.27738,-79.86687,VR2W,V2LWLONA_11-BAYFRONT MARINA,V2LWLONA,V2LWLONA,2019-05-14T21:02:00Z
12-BRONTE CREEK DS-VR2W-112334-2017_04_11T22,2017-04-11T22:00:00Z,43.3927,-79.70669,VR2W,V2LWLONA_12-BRONTE CREEK DS,V2LWLONA,V2LWLONA,2017-11-28T17:55:00Z
12-BRONTE CREEK DS-VR2W-112334-2018_03_21T18,2018-03-21T18:00:00Z,43.3927,-79.70669,VR2W,V2LWLONA_12-BRONTE CREEK DS,V2LWLONA,V2LWLONA,2018-11-07T20:15:00Z
13-FORTY MILE CREEK-VR2W-112355-2017_04_27T19,2017-04-27T19:14:00Z,43.20479,-79.55181,VR2W,V2LWLONA_13-FORTY MILE CREEK,V2LWLONA,V2LWLONA,2017-11-24T20:13:00Z
14-WELLAND CANAL US-VR2W-112401-2017_04_29T17,2017-04-29T17:00:00Z,43.22843,-79.21598,VR2W,V2LWLONA_14-WELLAND CANAL US,V2LWLONA,V2LWLONA,2017-11-24T17:00:00Z
14-WELLAND CANAL US-VR2W-112401-2018_01_31T17,2018-01-31T17:00:00Z,43.24452,-79.21571,VR2W,V2LWLONA_14-WELLAND CANAL US,V2LWLONA,V2LWLONA,2018-07-24T18:00:00Z
14-WELLAND CANAL US-VR2W-112401-2018_07_24T18,2018-07-24T18:05:00Z,43.24452,-79.21571,VR2W,V2LWLONA_14-WELLAND CANAL US,V2LWLONA,V2LWLONA,2018-12-19T18:37:00Z
14-WELLAND CANAL US-VR2W-112401-2018_12_19T18,2018-12-19T18:52:00Z,43.24452,-79.21571,VR2W,V2LWLONA_14-WELLAND CANAL US,V2LWLONA,V2LWLONA,2019-05-14T21:02:00Z
15-WELLAND CANAL DS-VR2W-119159-2017_04_27T14,2017-04-27T14:00:00Z,43.24455,-79.21567,VR2W,V2LWLONA_15-WELLAND CANAL DS,V2LWLONA,V2LWLONA,2017-11-24T17:00:00Z
15-WELLAND CANAL DS-VR2W-119159-2018_01_31T18,2018-01-31T18:33:00Z,43.22842,-79.21602,VR2W,V2LWLONA_15-WELLAND CANAL DS,V2LWLONA,V2LWLONA,2018-07-24T16:05:00Z
15-WELLAND CANAL DS-VR2W-119159-2018_07_24T17,2018-07-24T17:28:00Z,43.22842,-79.21602,VR2W,V2LWLONA_15-WELLAND CANAL DS,V2LWLONA,V2LWLONA,2018-12-19T20:38:00Z
15-WELLAND CANAL DS-VR2W-119159-2018_12_19T20,2018-12-19T20:53:00Z,43.22842,-79.21602,VR2W,V2LWLONA_15-WELLAND CANAL DS,V2LWLONA,V2LWLONA,
16-BRONTE CREEK US-VR2W-113609-2017_04_25T04,2017-04-25T04:00:00Z,43.39175,-79.71353,VR2W,V2LWLONA_16-BRONTE CREEK US,V2LWLONA,V2LWLONA,2017-11-28T17:50:00Z
16-BRONTE CREEK US-VR2W-113609-2018_03_21T18,2018-03-21T18:00:00Z,43.39175,-79.71353,VR2W,V2LWLONA_16-BRONTE CREEK US,V2LWLONA,V2LWLONA,2018-11-07T18:55:00Z
17-OAKVILLE CREEK DS-VR2W-120181-2017_04_25T04,2017-04-25T04:00:00Z,43.43946,-79.66604,VR2W,V2LWLONA_17-OAKVILLE CREEK DS,V2LWLONA,V2LWLONA,2017-11-27T17:00:00Z
17-OAKVILLE CREEK DS-VR2W-120181-2018_03_21T18,2018-03-21T18:30:00Z,43.43946,-79.66604,VR2W,V2LWLONA_17-OAKVILLE CREEK DS,V2LWLONA,V2LWLONA,2018-11-23T17:00:00Z
18-HUMBER RIVER DS-VR2W-114734-2017_04_21T04,2017-04-21T04:00:00Z,43.63187,-79.47043,VR2W,V2LWLONA_18-HUMBER RIVER DS,V2LWLONA,V2LWLONA,2017-12-07T17:00:00Z
18-HUMBER RIVER DS-VR2W-114734-2018_05_11T20,2018-05-11T20:00:00Z,43.63187,-79.47043,VR2W,V2LWLONA_18-HUMBER RIVER DS,V2LWLONA,V2LWLONA,2018-11-29T15:00:00Z
19-HUMBER RIVER US-VR2W-112410-2018_05_11T20,2018-05-11T20:00:00Z,43.63602,-79.4763,VR2W,V2LWLONA_19-HUMBER RIVER US,V2LWLONA,V2LWLONA,2018-11-23T15:00:00Z
19-HUMBER RIVER US-VR2W-112458-2017_04_21T04,2017-04-21T04:00:00Z,43.63602,-79.4763,VR2W,V2LWLONA_19-HUMBER RIVER US,V2LWLONA,V2LWLONA,2017-12-07T17:00:00Z
43-CANAL 403-VR2W-114737-2018_05_14T21,2018-05-14T21:12:00Z,43.27957,-79.89146,VR2W,V2LWLONA_43-CANAL 403,V2LWLONA,V2LWLONA,2019-05-17T16:30:00Z
BLC-001-VR2W-109123-1,2012-04-12T18:09:00Z,46.4942,-84.27662,VR2W,SMRSL_BLC-001,SMRSL,SMRSL,
BLL-001-VR2W-109437-1,2010-04-17T18:43:00Z,46.53544583,-84.21324444,VR2W,SMRSL_BLL-001,SMRSL,SMRSL,2010-07-30T12:13:00Z
BLL-001-VR2W-109437-3,2012-04-13T12:35:00Z,46.53541,-84.21317,VR2W,SMRSL_BLL-001,SMRSL,SMRSL,
BLL-001-VR2W-109879-2,2011-04-26T15:07:00Z,46.53548023,-84.2133453,VR2W,SMRSL_BLL-001,SMRSL,SMRSL,2011-08-08T16:02:00Z
BPC_001-VR2W-119780-2017_03_09T13,2017-03-09T13:08:00Z,41.67071,-83.06633,VR2W,V2LGLFC_BPC_001,V2LGLFC,V2LGLFC,2017-06-01T11:22:00Z
BRS-001-VR2W-109439-1,2010-04-20T15:07:00Z,46.47038367,-84.46026969,VR2W,SMRSL_BRS-001,SMRSL,SMRSL,2010-08-01T12:00:00Z
BRS-001-VR2W-109888-2,2011-04-27T13:23:00Z,46.47056181,-84.4600952,VR2W,SMRSL_BRS-001,SMRSL,SMRSL,2011-08-08T14:10:00Z
BRS-001-VR2W-110007-3,2012-04-17T20:39:00Z,46.47117,-84.45937,VR2W,SMRSL_BRS-001,SMRSL,SMRSL,
BRS-002-VR2W-109419-1,2010-04-20T14:54:00Z,46.47305908,-84.46463306,VR2W,SMRSL_BRS-002,SMRSL,SMRSL,2011-09-10T15:00:00Z
BRS-002-VR2W-109513-3,2012-04-17T20:42:00Z,46.47315,-84.46478,VR2W,SMRSL_BRS-002,SMRSL,SMRSL,
BRS-002-VR2W-109890-2,2011-04-27T13:10:00Z,46.4731472,-84.46474786,VR2W,SMRSL_BRS-002,SMRSL,SMRSL,2011-08-08T13:05:00Z
CBG_002-VR2W-119155-2016_06_16T12,2016-06-16T12:10:00Z,41.4517,-82.49654,VR2W,V2LGLFC_CBG_002,V2LGLFC,V2LGLFC,2017-06-13T08:50:00Z
CBG_003-VR2W-110591-2016_06_16T12,2016-06-16T12:40:00Z,41.45393,-82.31674,VR2W,V2LGLFC_CBG_003,V2LGLFC,V2LGLFC,2017-06-13T12:00:00Z
CBG_007-VR2W-110560-2016_06_16T17,2016-06-16T17:04:00Z,41.5868,-82.49961,VR2W,V2LGLFC_CBG_007,V2LGLFC,V2LGLFC,
CBG_008-VR2W-110596-2016_06_16T13,2016-06-16T13:05:00Z,41.58914,-82.31962,VR2W,V2LGLFC_CBG_008,V2LGLFC,V2LGLFC,2017-06-13T11:35:00Z
CBG_009-VR2W-119783-2016_06_21T11,2016-06-21T11:01:00Z,41.59106,-82.13986,VR2W,V2LGLFC_CBG_009,V2LGLFC,V2LGLFC,2017-06-05T09:11:36Z
CBG_010-VR2W-119152-2018_06_28T11,2018-06-28T11:20:00Z,41.59233,-82.96039,VR2W,V2LGLFC_CBG_010,V2LGLFC,V2LGLFC,
CBG_010-VR2W-119780-2017_06_05T10,2017-06-05T10:12:01Z,41.59247,-81.96018,VR2W,V2LGLFC_CBG_010,V2LGLFC,V2LGLFC,2018-05-24T12:17:00Z
CBG_010-VR2W-120179-2016_06_21T13,2016-06-21T13:30:00Z,41.59266,-81.96005,VR2W,V2LGLFC_CBG_010,V2LGLFC,V2LGLFC,2017-06-05T10:10:34Z
CBG_011-VR2W-110584-2016_06_21T14,2016-06-21T14:15:00Z,41.59381,-81.77979,VR2W,V2LGLFC_CBG_011,V2LGLFC,V2LGLFC,2016-10-25T10:21:00Z
CBG_011-VR2W-110584-2016_10_25T10,2016-10-25T10:35:00Z,41.59363,-81.78038,VR2W,V2LGLFC_CBG_011,V2LGLFC,V2LGLFC,2017-06-09T16:57:52Z
CBG_018-VR2W-110558-2018_05_29T12,2018-05-29T12:46:00Z,41.72223,-82.49598,VR2W,V2LGLFC_CBG_018,V2LGLFC,V2LGLFC,
CBG_018-VR2W-112330-2016_06_16T16,2016-06-16T16:41:00Z,41.72192,-82.50278,VR2W,V2LGLFC_CBG_018,V2LGLFC,V2LGLFC,2017-06-13T09:55:00Z
CBG_019-VR2W-119154-2016_06_16T13,2016-06-16T13:25:00Z,41.72427,-82.32265,VR2W,V2LGLFC_CBG_019,V2LGLFC,V2LGLFC,2017-06-13T11:10:00Z
CBG_020-VR2W-112446-2016_06_21T11,2016-06-21T11:55:00Z,41.72622,-82.14239,VR2W,V2LGLFC_CBG_020,V2LGLFC,V2LGLFC,2017-06-05T11:43:45Z
CBG_021-VR2W-119777-2016_06_21T12,2016-06-21T12:38:00Z,41.72771,-81.96169,VR2W,V2LGLFC_CBG_021,V2LGLFC,V2LGLFC,2017-06-05T10:56:58Z
CBG_022-VR2W-110580-2016_06_21T15,2016-06-21T15:00:00Z,41.72914,-81.78155,VR2W,V2LGLFC_CBG_022,V2LGLFC,V2LGLFC,2016-07-11T18:30:00Z
CBG_022-VR2W-110580-2016_07_11T18,2016-07-11T18:41:00Z,41.72952,-81.78252,VR2W,V2LGLFC_CBG_022,V2LGLFC,V2LGLFC,2017-06-07T10:51:36Z
CBG_022-VR2W-113615-2018_06_28T13,2018-06-28T13:38:00Z,41.72905,-81.7826,VR2W,V2LGLFC_CBG_022,V2LGLFC,V2LGLFC,
CBG_023-VR2W-110589-2016_06_21T15,2016-06-21T15:51:00Z,41.72997,-81.60139,VR2W,V2LGLFC_CBG_023,V2LGLFC,V2LGLFC,2017-06-07T11:41:40Z
CBG_024-VR2W-110561-2018_07_03T09,2018-07-03T09:21:00Z,41.73178,-81.42074,VR2W,V2LGLFC_CBG_024,V2LGLFC,V2LGLFC,2018-12-11T10:38:00Z
CBG_024-VR2W-110561-2018_12_11T10,2018-12-11T10:47:00Z,41.7314,-81.42067,VR2W,V2LGLFC_CBG_024,V2LGLFC,V2LGLFC,
CBG_030-VR2W-120180-2016_06_16T14,2016-06-16T14:58:00Z,41.82876,-82.48177,VR2W,V2LGLFC_CBG_030,V2LGLFC,V2LGLFC,2016-11-01T10:00:00Z
CBG_031-VR2W-112341-2017_06_13T10,2017-06-13T10:45:00Z,41.85941,-82.3251,VR2W,V2LGLFC_CBG_031,V2LGLFC,V2LGLFC,2018-05-23T11:40:00Z
CBG_031-VR2W-112395-2016_06_16T13,2016-06-16T13:50:00Z,41.85941,-82.3251,VR2W,V2LGLFC_CBG_031,V2LGLFC,V2LGLFC,2017-06-13T10:40:00Z
CBG_032-VR2W-110595-2018_06_28T14,2018-06-28T14:31:00Z,41.8611,-82.1451,VR2W,V2LGLFC_CBG_032,V2LGLFC,V2LGLFC,
CBG_033-VR2W-119152-2016_06_22T16,2016-06-22T16:20:00Z,41.86286,-81.96417,VR2W,V2LGLFC_CBG_033,V2LGLFC,V2LGLFC,2017-06-05T13:27:06Z
CBG_034-VR2W-110558-2017_06_07T10,2017-06-07T10:02:22Z,41.86434,-81.78305,VR2W,V2LGLFC_CBG_034,V2LGLFC,V2LGLFC,2018-05-24T13:30:00Z
CBG_035-VR2W-109141-2016_06_27T12,2016-06-27T12:51:00Z,41.86566,-81.60223,VR2W,V2LGLFC_CBG_035,V2LGLFC,V2LGLFC,2017-06-07T12:36:17Z
CBG_035-VR2W-110561-2017_06_07T12,2017-06-07T12:36:28Z,41.86537,-81.60262,VR2W,V2LGLFC_CBG_035,V2LGLFC,V2LGLFC,2018-06-07T17:00:00Z
CBG_036-VR2W-110585-2017_06_07T16,2017-06-07T16:48:03Z,41.8663,-81.4229,VR2W,V2LGLFC_CBG_036,V2LGLFC,V2LGLFC,2017-11-01T08:15:00Z
CBG_036-VR2W-110585-2017_11_17T08,2017-11-17T08:45:00Z,41.86689,-81.42189,VR2W,V2LGLFC_CBG_036,V2LGLFC,V2LGLFC,2018-06-07T17:00:00Z
CBG_036-VR2W-112341-2016_06_21T18,2016-06-21T18:30:00Z,41.86631,-81.42204,VR2W,V2LGLFC_CBG_036,V2LGLFC,V2LGLFC,2017-06-07T16:45:47Z
CBG_037-VR2W-110596-2017_06_16T07,2017-06-16T07:02:00Z,41.86762,-81.23968,VR2W,V2LGLFC_CBG_037,V2LGLFC,V2LGLFC,2018-06-07T17:00:00Z
CBG_037-VR2W-112413-2018_07_03T14,2018-07-03T14:15:00Z,41.80738,-81.24046,VR2W,V2LGLFC_CBG_037,V2LGLFC,V2LGLFC,
CBG_038-VR2W-112395-2017_06_16T13,2017-06-16T13:53:00Z,41.86731,-81.05884,VR2W,V2LGLFC_CBG_038,V2LGLFC,V2LGLFC,2018-06-07T17:00:00Z
CBG_038-VR2W-119155-2018_07_03T13,2018-07-03T13:44:00Z,41.86695,-81.0596,VR2W,V2LGLFC_CBG_038,V2LGLFC,V2LGLFC,2018-12-11T08:27:00Z
CBG_038-VR2W-119155-2018_12_11T08,2018-12-11T08:32:00Z,41.86718,-81.06042,VR2W,V2LGLFC_CBG_038,V2LGLFC,V2LGLFC,
CBG_043-VR2W-110578-2018_07_03T10,2018-07-03T10:20:00Z,41.99425,-82.32832,VR2W,V2LGLFC_CBG_043,V2LGLFC,V2LGLFC,
CBG_043-VR2W-112407-2016_06_16T14,2016-06-16T14:13:00Z,41.99432,-82.32802,VR2W,V2LGLFC_CBG_043,V2LGLFC,V2LGLFC,2016-11-01T11:18:00Z
CBG_043-VR2W-112407-2016_11_01T11,2016-11-01T11:25:00Z,41.99453,-82.31167,VR2W,V2LGLFC_CBG_043,V2LGLFC,V2LGLFC,2017-06-05T15:59:05Z
CBG_043-VR2W-120180-2017_06_05T16,2017-06-05T16:00:31Z,41.9942,-82.3283,VR2W,V2LGLFC_CBG_043,V2LGLFC,V2LGLFC,2018-07-03T10:15:00Z
CBG_044-VR2W-112446-2017_06_05T15,2017-06-05T15:09:50Z,41.99661,-82.14656,VR2W,V2LGLFC_CBG_044,V2LGLFC,V2LGLFC,2018-07-03T11:08:00Z
CBG_045-VR2W-110580-2018_07_03T12,2018-07-03T12:00:00Z,41.99818,-81.96609,VR2W,V2LGLFC_CBG_045,V2LGLFC,V2LGLFC,
CBG_045-VR2W-110593-2017_06_05T14,2017-06-05T14:21:12Z,41.99814,-81.96606,VR2W,V2LGLFC_CBG_045,V2LGLFC,V2LGLFC,2018-07-03T11:50:00Z
CBG_046-VR2W-110561-2016_06_28T16,2016-06-28T16:37:00Z,41.99935,-81.78543,VR2W,V2LGLFC_CBG_046,V2LGLFC,V2LGLFC,2017-06-07T09:08:00Z
CBG_047-VR2W-110585-2016_06_22T09,2016-06-22T09:00:00Z,42.00042,-81.60371,VR2W,V2LGLFC_CBG_047,V2LGLFC,V2LGLFC,2017-06-07T13:28:17Z
CBG_047-VR2W-110595-2017_06_07T13,2017-06-07T13:28:27Z,42.00118,-81.604,VR2W,V2LGLFC_CBG_047,V2LGLFC,V2LGLFC,2018-06-08T09:55:00Z
CBG_048-VR2W-119784-2016_06_27T14,2016-06-27T14:10:00Z,42.00175,-81.42194,VR2W,V2LGLFC_CBG_048,V2LGLFC,V2LGLFC,2017-06-07T15:54:57Z
CBG_049-VR2W-110591-2017_06_16T07,2017-06-16T07:45:00Z,42.00313,-81.24025,VR2W,V2LGLFC_CBG_049,V2LGLFC,V2LGLFC,2018-06-07T17:00:00Z
CBG_049-VR2W-112494-2016_06_27T15,2016-06-27T15:51:00Z,42.02862,-81.26255,VR2W,V2LGLFC_CBG_049,V2LGLFC,V2LGLFC,2016-07-12T08:17:00Z
CBG_049-VR2W-112494-2016_07_12T08,2016-07-12T08:27:00Z,42.00208,-81.24147,VR2W,V2LGLFC_CBG_049,V2LGLFC,V2LGLFC,2017-06-16T07:35:00Z
CBG_050-VR2W-112400-2016_07_12T09,2016-07-12T09:13:00Z,42.00227,-81.0604,VR2W,V2LGLFC_CBG_050,V2LGLFC,V2LGLFC,2017-06-16T13:02:00Z
CBG_050-VR2W-119154-2017_06_16T13,2017-06-16T13:08:00Z,42.00242,-81.05962,VR2W,V2LGLFC_CBG_050,V2LGLFC,V2LGLFC,2018-06-07T17:00:00Z
CBG_050-VR2W-119154-2018_07_03T13,2018-07-03T13:16:00Z,42.00188,-81.06034,VR2W,V2LGLFC_CBG_050,V2LGLFC,V2LGLFC,
CBG_051-VR2W-106602-2016_07_12T09,2016-07-12T09:58:00Z,42.0022,-80.87932,VR2W,V2LGLFC_CBG_051,V2LGLFC,V2LGLFC,2017-06-16T12:24:00Z
CBG_052-VR2W-112394-2016_07_19T08,2016-07-19T08:19:00Z,42.00212,-80.69883,VR2W,V2LGLFC_CBG_052,V2LGLFC,V2LGLFC,2016-07-20T00:00:00Z
CBG_052-VR2W-112394-2016_08_24T12,2016-08-24T12:32:00Z,42.00178,-80.69798,VR2W,V2LGLFC_CBG_052,V2LGLFC,V2LGLFC,2016-10-25T15:15:00Z
CBG_052-VR2W-112394-2016_10_25T15,2016-10-25T15:21:00Z,42.00152,-80.69773,VR2W,V2LGLFC_CBG_052,V2LGLFC,V2LGLFC,2017-06-16T11:40:00Z
CBG_052-VR2W-119148-2017_06_16T11,2017-06-16T11:45:00Z,42.00136,-80.69572,VR2W,V2LGLFC_CBG_052,V2LGLFC,V2LGLFC,2018-06-07T10:25:00Z
CBG_054-VR2W-110596-2018_07_12T11,2018-07-12T11:55:00Z,42.12943,-82.33087,VR2W,V2LGLFC_CBG_054,V2LGLFC,V2LGLFC,
CBG_054-VR2W-119780-2016_06_22T14,2016-06-22T14:12:00Z,42.12982,-82.33069,VR2W,V2LGLFC_CBG_054,V2LGLFC,V2LGLFC,2016-11-01T12:09:00Z
CBG_054-VR2W-120179-2017_06_05T16,2017-06-05T16:44:50Z,42.12927,-82.33062,VR2W,V2LGLFC_CBG_054,V2LGLFC,V2LGLFC,2018-07-12T12:00:00Z
CBG_055-VR2W-113615-2016_06_22T13,2016-06-22T13:30:00Z,42.1315,-82.15017,VR2W,V2LGLFC_CBG_055,V2LGLFC,V2LGLFC,2016-11-01T12:53:00Z
CBG_055-VR2W-113615-2016_11_01T13,2016-11-01T13:00:00Z,42.13152,-82.15003,VR2W,V2LGLFC_CBG_055,V2LGLFC,V2LGLFC,2017-06-05T17:32:15Z
CBG_056-VR2W-119148-2018_07_03T12,2018-07-03T12:40:00Z,42.13286,-81.96756,VR2W,V2LGLFC_CBG_056,V2LGLFC,V2LGLFC,
CBG_057-VR2W-119784-2018_06_08T15,2018-06-08T15:51:00Z,42.3388,-81.78664,VR2W,V2LGLFC_CBG_057,V2LGLFC,V2LGLFC,2018-12-10T12:08:00Z
CBG_057-VR2W-119784-2018_12_10T12,2018-12-10T12:25:00Z,42.13515,-81.78673,VR2W,V2LGLFC_CBG_057,V2LGLFC,V2LGLFC,
CBG_058-VR2W-109141-2017_06_07T14,2017-06-07T14:17:52Z,42.13556,-81.60477,VR2W,V2LGLFC_CBG_058,V2LGLFC,V2LGLFC,2018-06-08T10:37:00Z
CBG_059-VR2W-110580-2017_06_07T15,2017-06-07T15:10:04Z,42.13671,-81.42416,VR2W,V2LGLFC_CBG_059,V2LGLFC,V2LGLFC,2018-06-08T11:09:00Z
CBG_059-VR2W-112413-2016_07_13T11,2016-07-13T11:00:00Z,42.1362,-81.42327,VR2W,V2LGLFC_CBG_059,V2LGLFC,V2LGLFC,2017-06-07T15:08:20Z
CBG_060-VR2W-110585-2018_07_03T12,2018-07-03T12:12:00Z,42.13705,-81.06032,VR2W,V2LGLFC_CBG_060,V2LGLFC,V2LGLFC,
CBG_060-VR2W-113055-2016_07_13T10,2016-07-13T10:18:00Z,42.1368,-81.24617,VR2W,V2LGLFC_CBG_060,V2LGLFC,V2LGLFC,2017-06-16T08:13:00Z
CBG_060-VR2W-119155-2017_06_16T08,2017-06-16T08:18:00Z,42.13725,-81.2448,VR2W,V2LGLFC_CBG_060,V2LGLFC,V2LGLFC,2018-06-07T17:00:00Z
CBG_061-VR2W-112395-2018_07_03T12,2018-07-03T12:48:00Z,42.13705,-81.06032,VR2W,V2LGLFC_CBG_061,V2LGLFC,V2LGLFC,
CBG_062-VR2W-112342-2016_07_12T10,2016-07-12T10:43:00Z,42.13717,-80.87942,VR2W,V2LGLFC_CBG_062,V2LGLFC,V2LGLFC,2017-06-16T09:17:00Z
CBG_063-VR2W-110583-2016_07_12T14,2016-07-12T14:13:00Z,42.13666,-80.69767,VR2W,V2LGLFC_CBG_063,V2LGLFC,V2LGLFC,2017-06-16T09:55:00Z
CBG_063-VR2W-110584-2017_06_16T10,2017-06-16T10:01:00Z,42.13694,-80.69753,VR2W,V2LGLFC_CBG_063,V2LGLFC,V2LGLFC,2018-06-07T12:13:00Z
CBG_064-VR2W-112476-2016_07_12T10,2016-07-12T10:32:00Z,42.13637,-80.51544,VR2W,V2LGLFC_CBG_064,V2LGLFC,V2LGLFC,2017-06-16T10:26:00Z
CBG_066-VR2W-110583-2018_06_06T17,2018-06-06T17:55:00Z,42.13395,-80.15276,VR2W,V2LGLFC_CBG_066,V2LGLFC,V2LGLFC,
CBG_067-VR2W-119152-2017_06_06T08,2017-06-06T08:52:15Z,42.26931,-81.78771,VR2W,V2LGLFC_CBG_067,V2LGLFC,V2LGLFC,2017-10-18T08:19:00Z
CBG_067-VR2W-119152-2017_10_18T08,2017-10-18T08:24:00Z,42.26962,-81.78705,VR2W,V2LGLFC_CBG_067,V2LGLFC,V2LGLFC,2018-06-08T15:26:00Z
CBG_068-VR2W-119783-2017_06_06T09,2017-06-06T09:43:12Z,42.27075,-81.60548,VR2W,V2LGLFC_CBG_068,V2LGLFC,V2LGLFC,2018-06-08T14:58:00Z
CBG_071-VR2W-110589-2017_06_08T11,2017-06-08T11:00:37Z,42.27204,-81.06092,VR2W,V2LGLFC_CBG_071,V2LGLFC,V2LGLFC,2018-06-07T16:09:00Z
CBG_071-VR2W-113058-2016_07_12T12,2016-07-12T12:14:00Z,42.27213,-81.06062,VR2W,V2LGLFC_CBG_071,V2LGLFC,V2LGLFC,2017-06-08T10:52:29Z
CBG_072-VR2W-112405-2016_07_12T11,2016-07-12T11:28:00Z,42.27238,-80.87838,VR2W,V2LGLFC_CBG_072,V2LGLFC,V2LGLFC,2017-06-08T11:45:43Z
CBG_073-VR2W-113616-2017_06_08T15,2017-06-08T15:53:07Z,42.2716,-80.69728,VR2W,V2LGLFC_CBG_073,V2LGLFC,V2LGLFC,2018-06-07T12:40:00Z
CBG_075-VR2W-119784-2017_06_09T09,2017-06-09T09:58:54Z,42.27054,-80.33273,VR2W,V2LGLFC_CBG_075,V2LGLFC,V2LGLFC,2018-06-06T12:10:00Z
CBG_079-VR2W-110595-2016_07_12T19,2016-07-12T19:07:00Z,42.40532,-81.60743,VR2W,V2LGLFC_CBG_079,V2LGLFC,V2LGLFC,2017-06-06T10:32:38Z
CBG_080-VR2W-110578-2016_07_12T18,2016-07-12T18:18:00Z,42.40657,-81.42575,VR2W,V2LGLFC_CBG_080,V2LGLFC,V2LGLFC,2017-06-06T11:21:46Z
CBG_081-VR2W-110578-2017_06_06T15,2017-06-06T15:33:37Z,42.40689,-81.24313,VR2W,V2LGLFC_CBG_081,V2LGLFC,V2LGLFC,2018-06-08T12:45:00Z
CBG_083-VR2W-113058-2017_06_08T12,2017-06-08T12:41:40Z,42.40753,-80.87949,VR2W,V2LGLFC_CBG_083,V2LGLFC,V2LGLFC,2018-06-07T13:50:00Z
CBG_084-VR2W-112341-2018_06_06T15,2018-06-06T15:24:00Z,42.40682,-80.69603,VR2W,V2LGLFC_CBG_084,V2LGLFC,V2LGLFC,
CBG_084-VR2W-112413-2017_06_08T15,2017-06-08T15:07:09Z,42.40707,-80.69618,VR2W,V2LGLFC_CBG_084,V2LGLFC,V2LGLFC,2018-06-06T15:15:00Z
CBG_085-VR2W-119780-2018_06_06T15,2018-06-06T15:54:00Z,42.40706,-80.51313,VR2W,V2LGLFC_CBG_085,V2LGLFC,V2LGLFC,
CBG_091-VR2W-110558-2016_07_12T17,2016-07-12T17:40:00Z,42.54163,-81.42593,VR2W,V2LGLFC_CBG_091,V2LGLFC,V2LGLFC,2017-06-06T12:10:39Z
CBG_091-VR2W-113055-2018_06_08T13,2018-06-08T13:50:00Z,42.5422,-81.42582,VR2W,V2LGLFC_CBG_091,V2LGLFC,V2LGLFC,
CBG_092-VR2W-119777-2017_06_06T13,2017-06-06T13:02:09Z,42.54209,-81.24361,VR2W,V2LGLFC_CBG_092,V2LGLFC,V2LGLFC,2018-06-08T13:17:00Z
CBG_093-VR2W-113615-2017_06_06T13,2017-06-06T13:49:08Z,42.54231,-81.0605,VR2W,V2LGLFC_CBG_093,V2LGLFC,V2LGLFC,2018-06-07T15:00:00Z
CBG_094-VR2W-112405-2017_06_08T13,2017-06-08T13:28:13Z,42.54237,-80.87828,VR2W,V2LGLFC_CBG_094,V2LGLFC,V2LGLFC,2018-06-07T14:20:00Z
CBG_095-VR2W-113616-2016_07_12T12,2016-07-12T12:40:00Z,42.54258,-80.69553,VR2W,V2LGLFC_CBG_095,V2LGLFC,V2LGLFC,2017-06-08T14:15:41Z
CBG_096-VR2W-110593-2016_07_12T12,2016-07-12T12:04:00Z,42.5426,-80.51244,VR2W,V2LGLFC_CBG_096,V2LGLFC,V2LGLFC,2016-10-26T10:17:00Z
CHR-001-VR2W-109909-1,2011-04-26T20:00:00Z,46.3238698,-84.23488123,VR2W,SMRSL_CHR-001,SMRSL,SMRSL,2011-08-08T19:00:00Z
CKI-001-VR2W-109450-1,2010-04-17T14:04:00Z,46.49498436,-84.26934256,VR2W,SMRSL_CKI-001,SMRSL,SMRSL,2010-04-28T12:32:00Z
CKI-001-VR2W-109450-2,2010-04-28T13:00:00Z,46.49495023,-84.26937243,VR2W,SMRSL_CKI-001,SMRSL,SMRSL,2010-06-24T18:11:00Z
CKI-001-VR2W-109450-3,2010-06-24T18:25:00Z,46.49498495,-84.26923524,VR2W,SMRSL_CKI-001,SMRSL,SMRSL,2010-07-30T19:52:00Z
CKI-001-VR2W-110004-4,2011-04-26T14:17:00Z,46.49510817,-84.26828119,VR2W,SMRSL_CKI-001,SMRSL,SMRSL,2011-08-03T13:43:00Z
CKI-002-VR2W-109409-1,2010-04-17T13:50:00Z,46.49657364,-84.26933109,VR2W,SMRSL_CKI-002,SMRSL,SMRSL,2010-04-28T13:26:00Z
CKI-002-VR2W-109409-2,2010-04-28T13:41:00Z,46.49653975,-84.26932917,VR2W,SMRSL_CKI-002,SMRSL,SMRSL,2010-06-24T17:39:00Z
CKI-002-VR2W-109409-3,2010-06-24T18:01:00Z,46.49662766,-84.26932677,VR2W,SMRSL_CKI-002,SMRSL,SMRSL,2010-07-30T17:27:00Z
CKI-002-VR2W-109500-4,2011-05-11T17:29:00Z,46.49663782,-84.26922849,VR2W,SMRSL_CKI-002,SMRSL,SMRSL,2011-08-03T13:53:00Z
CKI-003-VR2W-109440-3,2012-04-12T18:20:00Z,46.49521,-84.27035,VR2W,SMRSL_CKI-003,SMRSL,SMRSL,
CKI-003-VR2W-109934-2,2011-04-26T14:07:00Z,46.49564057,-84.27087612,VR2W,SMRSL_CKI-003,SMRSL,SMRSL,2011-08-03T14:14:00Z
CKI-003-VR2W-109973-1,2010-05-19T19:19:00Z,46.49561303,-84.27081522,VR2W,SMRSL_CKI-003,SMRSL,SMRSL,2010-07-30T20:11:00Z
CKI-004-VR2W-109457-1,2010-04-17T13:25:00Z,46.49455564,-84.27225235,VR2W,SMRSL_CKI-004,SMRSL,SMRSL,2010-04-28T12:00:00Z
CKI-004-VR2W-109457-2,2010-04-28T12:21:00Z,46.49458182,-84.2722763,VR2W,SMRSL_CKI-004,SMRSL,SMRSL,2010-04-28T13:07:00Z
CKI-004-VR2W-109457-3,2010-04-28T13:16:00Z,46.49463565,-84.27226333,VR2W,SMRSL_CKI-004,SMRSL,SMRSL,2010-07-30T19:27:00Z
CKI-004-VR2W-109914-4,2011-04-26T13:53:00Z,46.49459964,-84.2726088,VR2W,SMRSL_CKI-004,SMRSL,SMRSL,2011-08-03T14:35:00Z
CKI-005-VR2W-109440-1,2010-04-17T13:38:00Z,46.49593667,-84.27300616,VR2W,SMRSL_CKI-005,SMRSL,SMRSL,2010-04-28T13:48:00Z
CKI-005-VR2W-109440-2,2010-04-28T13:56:00Z,46.49594033,-84.27306306,VR2W,SMRSL_CKI-005,SMRSL,SMRSL,2010-07-30T18:28:00Z
CKI-005-VR2W-109897-3,2011-04-26T13:34:00Z,46.49596657,-84.27341195,VR2W,SMRSL_CKI-005,SMRSL,SMRSL,2011-08-03T15:05:00Z
CRN_001-VR2W-110593-2017_03_09T12,2017-03-09T12:57:00Z,41.67798,-83.09951,VR2W,V2LGLFC_CRN_001,V2LGLFC,V2LGLFC,2017-06-01T12:50:00Z
DCK-001-VR2W-109405-1,2010-04-19T16:57:00Z,46.35877978,-84.13340527,VR2W,SMRSL_DCK-001,SMRSL,SMRSL,2010-07-29T13:08:00Z
DCK-001-VR2W-113212-2,2011-04-25T21:46:00Z,46.35816486,-84.13510384,VR2W,SMRSL_DCK-001,SMRSL,SMRSL,2011-08-06T18:32:00Z
DCK-001-VR2W-113219-3,2012-04-13T17:59:00Z,46.35873,-84.13517,VR2W,SMRSL_DCK-001,SMRSL,SMRSL,
DCK-002-VR2W-109429-1,2010-04-19T16:49:00Z,46.36021307,-84.12913784,VR2W,SMRSL_DCK-002,SMRSL,SMRSL,2010-06-23T18:42:00Z
DCK-002-VR2W-109429-2,2010-06-23T18:52:00Z,46.36017636,-84.12912399,VR2W,SMRSL_DCK-002,SMRSL,SMRSL,2010-07-29T14:11:00Z
DCK-002-VR2W-109471-4,2012-04-13T18:12:00Z,46.35926,-84.13213,VR2W,SMRSL_DCK-002,SMRSL,SMRSL,
DCK-002-VR2W-109970-3,2011-04-25T21:54:00Z,46.36030475,-84.12910978,VR2W,SMRSL_DCK-002,SMRSL,SMRSL,2011-08-06T19:18:00Z
DCK-003-VR2W-109431-1,2012-04-13T18:19:00Z,46.36026,-84.12942,VR2W,SMRSL_DCK-003,SMRSL,SMRSL,
DCK-004-VR2W-109877-1,2012-04-13T18:42:00Z,46.36181,-84.13075,VR2W,SMRSL_DCK-004,SMRSL,SMRSL,
DCK-005-VR2W-109421-1,2012-04-13T18:56:00Z,46.36114,-84.13373,VR2W,SMRSL_DCK-005,SMRSL,SMRSL,
DCK-006-VR2W-109473-1,2012-04-13T19:05:00Z,46.3604,-84.13627,VR2W,SMRSL_DCK-006,SMRSL,SMRSL,
EBG_087-VR2W-112342-2018_05_08T15,2018-05-08T15:06:00Z,42.40275,-80.14936,VR2W,V2LGLFC_EBG_087,V2LGLFC,V2LGLFC,
EBG_088-VR2W-112400-2018_05_08T14,2018-05-08T14:41:00Z,42.40202,-79.96656,VR2W,V2LGLFC_EBG_088,V2LGLFC,V2LGLFC,
EBG_090-VR2W-112476-2018_05_08T11,2018-05-08T11:23:00Z,42.39785,-79.60409,VR2W,V2LGLFC_EBG_090,V2LGLFC,V2LGLFC,
ECH-001-VR2W-109425-1,2010-04-26T18:20:00Z,46.50867,-84.045744,VR2W,SMRSL_ECH-001,SMRSL,SMRSL,2010-08-02T19:35:00Z
ECH-001-VR2W-109488-2,2012-04-16T13:40:00Z,46.51533,-84.02338,VR2W,SMRSL_ECH-001,SMRSL,SMRSL,
ECH-002-VR2W-109466-1,2010-04-26T17:40:00Z,46.519894,-84.020225,VR2W,SMRSL_ECH-002,SMRSL,SMRSL,2010-08-02T20:20:00Z
ECH-002-VR2W-113220-2,2012-04-16T13:10:00Z,46.52031,-84.01992,VR2W,SMRSL_ECH-002,SMRSL,SMRSL,
EDS-001-VR2W-109413-1,2010-04-16T13:47:00Z,46.49862018,-84.33338564,VR2W,SMRSL_EDS-001,SMRSL,SMRSL,2010-07-31T16:25:00Z
EDS-001-VR2W-109960-2,2011-05-02T15:43:00Z,46.4985915,-84.3334385,VR2W,SMRSL_EDS-001,SMRSL,SMRSL,2011-08-06T12:03:00Z
EDS-001-VR2W-110011-3,2012-04-15T15:56:00Z,46.49855,-84.33348,VR2W,SMRSL_EDS-001,SMRSL,SMRSL,
EDS-002-VR2W-109463-1,2010-04-16T13:31:00Z,46.49885451,-84.3339033,VR2W,SMRSL_EDS-002,SMRSL,SMRSL,2010-06-24T15:12:00Z
EDS-002-VR2W-109463-2,2010-06-24T15:25:00Z,46.49887131,-84.3338771,VR2W,SMRSL_EDS-002,SMRSL,SMRSL,2010-07-31T17:04:00Z
EDS-002-VR2W-109880-4,2012-04-15T16:10:00Z,46.49876,-84.33392,VR2W,SMRSL_EDS-002,SMRSL,SMRSL,
EDS-002-VR2W-109975-3,2011-05-02T16:02:00Z,46.49879461,-84.33389513,VR2W,SMRSL_EDS-002,SMRSL,SMRSL,2011-08-04T16:35:00Z
EDS-003-VR2W-109414-1,2010-04-16T13:20:00Z,46.49858162,-84.33414269,VR2W,SMRSL_EDS-003,SMRSL,SMRSL,2010-07-31T16:55:00Z
EDS-003-VR2W-109923-3,2012-04-15T16:16:00Z,46.49853,-84.33418,VR2W,SMRSL_EDS-003,SMRSL,SMRSL,
EDS-003-VR2W-113233-2,2011-05-02T15:19:00Z,46.49855719,-84.33416271,VR2W,SMRSL_EDS-003,SMRSL,SMRSL,2011-08-04T16:41:00Z
EDS-004-VR2W-109491-2,2012-04-15T16:29:00Z,46.49829,-84.33358,VR2W,SMRSL_EDS-004,SMRSL,SMRSL,
EDS-004-VR2W-109902-1,2011-05-02T15:51:00Z,46.49831816,-84.333598,VR2W,SMRSL_EDS-004,SMRSL,SMRSL,2011-08-04T17:01:00Z
EDS-005-VR2W-109430-1,2012-04-15T16:45:00Z,46.49859,-84.33385,VR2W,SMRSL_EDS-005,SMRSL,SMRSL,
FRC-001-VR2W-113218-1,2012-04-12T19:20:00Z,46.45708,-84.28041,VR2W,SMRSL_FRC-001,SMRSL,SMRSL,
FRC-002-VR2W-109905-1,2012-04-12T19:11:00Z,46.46008,-84.27918,VR2W,SMRSL_FRC-002,SMRSL,SMRSL,
GRD-001-VR2W-109442-1,2010-04-17T18:10:00Z,46.52906132,-84.15081436,VR2W,SMRSL_GRD-001,SMRSL,SMRSL,2010-04-27T20:03:00Z
GRD-001-VR2W-109442-2,2010-04-27T20:20:00Z,46.52904492,-84.15078906,VR2W,SMRSL_GRD-001,SMRSL,SMRSL,2010-05-13T19:31:00Z
GRD-001-VR2W-109442-3,2010-05-13T20:09:00Z,46.52886115,-84.15103855,VR2W,SMRSL_GRD-001,SMRSL,SMRSL,2010-06-21T19:55:00Z
GRD-001-VR2W-109442-4,2010-06-21T20:10:00Z,46.52889964,-84.15104585,VR2W,SMRSL_GRD-001,SMRSL,SMRSL,2010-07-30T14:44:00Z
GRD-001-VR2W-109487-6,2012-04-13T13:21:00Z,46.529,-84.15082,VR2W,SMRSL_GRD-001,SMRSL,SMRSL,
GRD-001-VR2W-109997-5,2011-04-25T23:34:00Z,46.52908702,-84.15070626,VR2W,SMRSL_GRD-001,SMRSL,SMRSL,
GRD-002-VR2W-109417-1,2010-04-17T17:57:00Z,46.52965019,-84.15154089,VR2W,SMRSL_GRD-002,SMRSL,SMRSL,2010-04-26T23:00:00Z
GRD-002-VR2W-109417-2,2010-04-26T23:21:00Z,46.52966589,-84.15153659,VR2W,SMRSL_GRD-002,SMRSL,SMRSL,2010-05-13T20:25:00Z
GRD-002-VR2W-109417-3,2010-05-13T20:55:00Z,46.52973567,-84.15165265,VR2W,SMRSL_GRD-002,SMRSL,SMRSL,2010-05-26T22:57:00Z
GRD-002-VR2W-109417-4,2010-05-26T23:19:00Z,46.5299102,-84.15147266,VR2W,SMRSL_GRD-002,SMRSL,SMRSL,2010-06-21T19:19:00Z
GRD-002-VR2W-109417-5,2010-06-21T19:45:00Z,46.52978917,-84.15145283,VR2W,SMRSL_GRD-002,SMRSL,SMRSL,2010-07-30T15:11:00Z
GRD-002-VR2W-109922-7,2012-04-13T13:51:00Z,46.52972,-84.1516,VR2W,SMRSL_GRD-002,SMRSL,SMRSL,
GRD-002-VR2W-109922-8,2012-05-02T18:55:00Z,46.52976,-84.1516,VR2W,SMRSL_GRD-002,SMRSL,SMRSL,
GRD-002-VR2W-109953-6,2011-04-25T23:40:00Z,46.52977589,-84.15158915,VR2W,SMRSL_GRD-002,SMRSL,SMRSL,2011-08-03T16:20:00Z
GRD-003-VR2W-106328-1,2010-05-13T22:14:00Z,46.52843571,-84.15197074,VR2W,SMRSL_GRD-003,SMRSL,SMRSL,2010-06-21T21:18:00Z
GRD-003-VR2W-106328-2,2010-06-21T21:27:00Z,46.5284133,-84.15188724,VR2W,SMRSL_GRD-003,SMRSL,SMRSL,2010-07-30T16:25:00Z
GRD-003-VR2W-109892-4,2012-04-13T13:56:00Z,46.52865,-84.15154,VR2W,SMRSL_GRD-003,SMRSL,SMRSL,
GRD-003-VR2W-113219-3,2011-04-25T23:51:00Z,46.5286503,-84.15152858,VR2W,SMRSL_GRD-003,SMRSL,SMRSL,2011-08-07T16:32:00Z
GRD-004-VR2W-109466-4,2012-04-13T14:07:00Z,46.52926,-84.15241,VR2W,SMRSL_GRD-004,SMRSL,SMRSL,
GRD-004-VR2W-109469-1,2010-05-13T21:14:00Z,46.52938577,-84.15235811,VR2W,SMRSL_GRD-004,SMRSL,SMRSL,2010-06-21T18:51:00Z
GRD-004-VR2W-109469-2,2010-06-21T19:03:00Z,46.52934702,-84.15238668,VR2W,SMRSL_GRD-004,SMRSL,SMRSL,2010-07-30T15:28:00Z
GRD-004-VR2W-113225-3,2011-04-25T23:46:00Z,46.529359,-84.15207866,VR2W,SMRSL_GRD-004,SMRSL,SMRSL,2011-08-07T17:17:00Z
GRD-005-VR2W-109412-1,2010-04-17T18:31:00Z,46.5280917,-84.15259016,VR2W,SMRSL_GRD-005,SMRSL,SMRSL,2010-05-13T21:24:00Z
GRD-005-VR2W-109412-2,2010-05-13T21:35:00Z,46.52805433,-84.15259036,VR2W,SMRSL_GRD-005,SMRSL,SMRSL,2010-06-21T20:20:00Z
GRD-005-VR2W-109412-3,2010-06-21T20:49:00Z,46.52805393,-84.15260191,VR2W,SMRSL_GRD-005,SMRSL,SMRSL,2010-07-30T16:09:00Z
GRD-005-VR2W-109441-5,2012-04-13T14:30:00Z,46.52824,-84.1524,VR2W,SMRSL_GRD-005,SMRSL,SMRSL,
GRD-005-VR2W-113229-4,2011-04-25T23:57:00Z,46.52819431,-84.15256172,VR2W,SMRSL_GRD-005,SMRSL,SMRSL,2011-08-07T18:30:00Z
GRD-006-VR2W-109462-1,2010-04-17T17:11:00Z,46.52884157,-84.15321754,VR2W,SMRSL_GRD-006,SMRSL,SMRSL,2010-05-13T21:54:00Z
GRD-006-VR2W-109462-2,2010-05-13T22:07:00Z,46.52890403,-84.1531111,VR2W,SMRSL_GRD-006,SMRSL,SMRSL,2010-06-21T18:15:00Z
GRD-006-VR2W-109462-3,2010-06-21T18:38:00Z,46.52896788,-84.15293599,VR2W,SMRSL_GRD-006,SMRSL,SMRSL,2010-07-30T15:54:00Z
GRD-006-VR2W-109934-5,2012-04-13T14:48:00Z,46.52886,-84.15323,VR2W,SMRSL_GRD-006,SMRSL,SMRSL,
GRD-006-VR2W-113220-4,2011-04-26T00:02:00Z,46.5288543,-84.15326585,VR2W,SMRSL_GRD-006,SMRSL,SMRSL,2011-08-07T18:03:00Z
GRD-007-VR2W-114481-1,2012-04-13T15:00:00Z,46.52779,-84.15366,VR2W,SMRSL_GRD-007,SMRSL,SMRSL,
GRD-007-VR2W-114481-2,2012-05-02T18:05:00Z,46.52782,-84.15371,VR2W,SMRSL_GRD-007,SMRSL,SMRSL,
GRD-008-VR2W-109911-1,2012-04-13T15:16:00Z,46.52847,-84.15421,VR2W,SMRSL_GRD-008,SMRSL,SMRSL,
GRD-010-VR2W-109913-1,2011-05-18T21:15:00Z,46.5332133,-84.15923269,VR2W,SMRSL_GRD-010,SMRSL,SMRSL,2011-08-09T13:24:00Z
GRD-010-VR2W-109930-2,2012-04-16T13:56:00Z,46.53332,-84.15932,VR2W,SMRSL_GRD-010,SMRSL,SMRSL,
GRD-011-VR2W-109927-2,2012-04-16T14:08:00Z,46.53402,-84.15311,VR2W,SMRSL_GRD-011,SMRSL,SMRSL,
GRD-011-VR2W-109981-1,2011-05-18T21:29:00Z,46.53402059,-84.15311136,VR2W,SMRSL_GRD-011,SMRSL,SMRSL,2011-08-09T13:09:00Z
HPT-001-VR2W-109472-1,2012-04-18T13:28:00Z,46.46451,-84.14744,VR2W,SMRSL_HPT-001,SMRSL,SMRSL,
HPT-001-VR2W-109472-2,2012-05-04T14:22:00Z,46.46455,-84.14741,VR2W,SMRSL_HPT-001,SMRSL,SMRSL,
HPT-002-VR2W-109489-1,2012-04-18T13:40:00Z,46.46356,-84.14375,VR2W,SMRSL_HPT-002,SMRSL,SMRSL,
HPT-003-VR2W-109516-1,2012-04-18T13:59:00Z,46.4628,-84.1402,VR2W,SMRSL_HPT-003,SMRSL,SMRSL,
HPT-004-VR2W-109126-1,2012-04-18T14:18:00Z,46.46121,-84.13257,VR2W,SMRSL_HPT-004,SMRSL,SMRSL,
HPT-005-VR2W-109899-1,2012-04-18T14:39:00Z,46.45972,-84.12513,VR2W,SMRSL_HPT-005,SMRSL,SMRSL,
HPT-006-VR2W-109432-1,2012-04-18T14:58:00Z,46.45801,-84.1175,VR2W,SMRSL_HPT-006,SMRSL,SMRSL,
HPT-007-VR2W-109514-2,2012-05-04T13:42:00Z,46.45689,-84.11441,VR2W,SMRSL_HPT-007,SMRSL,SMRSL,
HPT-008-VR2W-109957-1,2012-04-18T15:47:00Z,46.45622,-84.10904,VR2W,SMRSL_HPT-008,SMRSL,SMRSL,
HPT-009-VR2W-109933-1,2012-04-18T13:23:00Z,46.46587,-84.14478,VR2W,SMRSL_HPT-009,SMRSL,SMRSL,
HPT-010-VR2W-109953-1,2012-04-18T13:51:00Z,46.46499,-84.14109,VR2W,SMRSL_HPT-010,SMRSL,SMRSL,
HPT-011-VR2W-109947-1,2012-04-18T14:12:00Z,46.4637,-84.13541,VR2W,SMRSL_HPT-011,SMRSL,SMRSL,
HPT-012-VR2W-113226-1,2012-04-18T14:33:00Z,46.46203,-84.12817,VR2W,SMRSL_HPT-012,SMRSL,SMRSL,
HPT-013-VR2W-109417-1,2012-04-18T14:52:00Z,46.46055,-84.12044,VR2W,SMRSL_HPT-013,SMRSL,SMRSL,
HPT-014-VR2W-109452-1,2012-04-18T15:08:00Z,46.45926,-84.11492,VR2W,SMRSL_HPT-014,SMRSL,SMRSL,
HPT-015-VR2W-109490-1,2012-04-18T15:40:00Z,46.45833,-84.11055,VR2W,SMRSL_HPT-015,SMRSL,SMRSL,
IS1-001-VR2W-109458-1,2010-04-16T18:37:00Z,46.47707736,-84.29527134,VR2W,SMRSL_IS1-001,SMRSL,SMRSL,2010-06-03T19:15:00Z
IS1-001-VR2W-109458-2,2010-06-03T19:53:00Z,46.47710374,-84.29525766,VR2W,SMRSL_IS1-001,SMRSL,SMRSL,2010-07-31T12:53:00Z
IS1-002-VR2W-109415-1,2010-04-16T19:18:00Z,46.4779757,-84.29277144,VR2W,SMRSL_IS1-002,SMRSL,SMRSL,2010-07-31T13:25:00Z
IS1-002-VR2W-109897-3,2012-04-12T18:41:00Z,46.478,-84.29275,VR2W,SMRSL_IS1-002,SMRSL,SMRSL,
IS1-002-VR2W-113218-2,2011-04-27T15:15:00Z,46.47802546,-84.2927438,VR2W,SMRSL_IS1-002,SMRSL,SMRSL,2011-08-03T12:20:00Z
IS1-003-VR2W-109456-1,2010-04-16T18:12:00Z,46.4811481,-84.29803068,VR2W,SMRSL_IS1-003,SMRSL,SMRSL,2010-07-31T12:34:00Z
IS1-004-VR2W-109407-1,2010-04-16T17:33:00Z,46.4831756,-84.29961337,VR2W,SMRSL_IS1-004,SMRSL,SMRSL,2010-06-24T18:44:00Z
IS1-004-VR2W-109407-2,2010-06-24T18:55:00Z,46.48315549,-84.29958131,VR2W,SMRSL_IS1-004,SMRSL,SMRSL,2010-07-31T11:58:00Z
IS1-004-VR2W-109424-4,2012-04-12T17:54:00Z,46.48138,-84.29831,VR2W,SMRSL_IS1-004,SMRSL,SMRSL,
IS1-004-VR2W-109996-3,2011-04-27T15:05:00Z,46.48142755,-84.29831065,VR2W,SMRSL_IS1-004,SMRSL,SMRSL,2011-08-03T12:10:00Z
IS3-001-VR2W-109470-1,2010-04-20T18:03:00Z,46.4743787,-84.29869412,VR2W,SMRSL_IS3-001,SMRSL,SMRSL,2010-07-31T14:08:00Z
LGD-001-VR2W-113212-1,2012-04-13T17:26:00Z,46.40716,-84.14782,VR2W,SMRSL_LGD-001,SMRSL,SMRSL,
LGD-002-VR2W-109456-1,2012-04-13T17:32:00Z,46.4148,-84.15129,VR2W,SMRSL_LGD-002,SMRSL,SMRSL,
LMN-001-VR2W-109467-1,2010-04-26T15:20:00Z,46.228717,-84.289292,VR2W,SMRSL_LMN-001,SMRSL,SMRSL,2010-08-02T16:50:00Z
LRC-001-VR2W-109436-1,2010-04-18T16:25:00Z,46.26306324,-84.18977202,VR2W,SMRSL_LRC-001,SMRSL,SMRSL,2010-04-27T15:32:00Z
LRC-001-VR2W-109436-2,2010-04-27T15:44:00Z,46.2631679,-84.18963322,VR2W,SMRSL_LRC-001,SMRSL,SMRSL,2010-07-28T14:57:00Z
LRC-001-VR2W-109507-4,2012-04-17T16:44:00Z,46.26303,-84.18954,VR2W,SMRSL_LRC-001,SMRSL,SMRSL,
LRC-001-VR2W-113214-3,2011-04-25T18:52:00Z,46.26304487,-84.18952898,VR2W,SMRSL_LRC-001,SMRSL,SMRSL,2011-08-05T13:41:00Z
LRC-002-VR2W-109428-1,2010-04-18T16:49:00Z,46.26398538,-84.1881411,VR2W,SMRSL_LRC-002,SMRSL,SMRSL,2010-07-28T17:06:00Z
LRC-002-VR2W-109504-3,2012-04-17T17:16:00Z,46.26362,-84.1876,VR2W,SMRSL_LRC-002,SMRSL,SMRSL,
LRC-002-VR2W-109946-2,2011-04-25T19:21:00Z,46.2636203,-84.18757992,VR2W,SMRSL_LRC-002,SMRSL,SMRSL,2011-11-08T18:30:00Z
LRC-003-VR2W-109439-4,2012-04-17T17:22:00Z,46.26512,-84.1866,VR2W,SMRSL_LRC-003,SMRSL,SMRSL,
LRC-003-VR2W-109455-1,2010-04-18T21:18:00Z,46.26536736,-84.186845,VR2W,SMRSL_LRC-003,SMRSL,SMRSL,2010-06-22T19:39:00Z
LRC-003-VR2W-109455-2,2010-06-22T19:58:00Z,46.26540351,-84.18688691,VR2W,SMRSL_LRC-003,SMRSL,SMRSL,2010-07-28T13:35:00Z
LRC-003-VR2W-113222-3,2011-04-25T19:55:00Z,46.26509836,-84.18657699,VR2W,SMRSL_LRC-003,SMRSL,SMRSL,2011-08-05T14:11:00Z
LRC-004-VR2W-106785-1,2010-05-20T12:58:00Z,46.26441763,-84.18865126,VR2W,SMRSL_LRC-004,SMRSL,SMRSL,2010-07-28T16:36:00Z
LRC-004-VR2W-109993-3,2012-04-17T16:52:00Z,46.26412,-84.18842,VR2W,SMRSL_LRC-004,SMRSL,SMRSL,
LRC-004-VR2W-109999-2,2011-04-25T19:41:00Z,46.26420334,-84.18840276,VR2W,SMRSL_LRC-004,SMRSL,SMRSL,2011-08-05T15:21:00Z
LRC-005-VR2W-109503-3,2012-04-17T16:32:00Z,46.26358,-84.18996,VR2W,SMRSL_LRC-005,SMRSL,SMRSL,
LRC-005-VR2W-109931-1,2010-05-20T12:47:00Z,46.26385199,-84.18993131,VR2W,SMRSL_LRC-005,SMRSL,SMRSL,2010-07-28T13:56:00Z
LRC-005-VR2W-109991-2,2011-04-25T19:03:00Z,46.26353746,-84.18997396,VR2W,SMRSL_LRC-005,SMRSL,SMRSL,2011-08-05T13:04:00Z
LRC-006-VR2W-109465-1,2010-04-18T16:37:00Z,46.264744,-84.18894,VR2W,SMRSL_LRC-006,SMRSL,SMRSL,2010-04-27T14:36:00Z
LRC-006-VR2W-109465-2,2010-04-27T15:05:00Z,46.26481749,-84.18900098,VR2W,SMRSL_LRC-006,SMRSL,SMRSL,2010-07-28T15:54:00Z
LRC-006-VR2W-109477-4,2012-04-17T16:11:00Z,46.26464,-84.18872,VR2W,SMRSL_LRC-006,SMRSL,SMRSL,
LRC-006-VR2W-109947-3,2011-04-25T19:49:00Z,46.2647642,-84.18880062,VR2W,SMRSL_LRC-006,SMRSL,SMRSL,2011-08-05T15:08:00Z
LRC-007-VR2W-109426-1,2010-04-18T16:15:00Z,46.264282,-84.190377,VR2W,SMRSL_LRC-007,SMRSL,SMRSL,2010-08-04T18:27:00Z
LRC-007-VR2W-109941-3,2012-04-17T16:25:00Z,46.26413,-84.1904,VR2W,SMRSL_LRC-007,SMRSL,SMRSL,
LRC-007-VR2W-113209-2,2011-04-25T19:13:00Z,46.26415221,-84.19048132,VR2W,SMRSL_LRC-007,SMRSL,SMRSL,2011-08-05T12:52:00Z
LRP-001-VR2W-109122-1,2010-04-16T19:40:00Z,46.4787081,-84.28730112,VR2W,SMRSL_LRP-001,SMRSL,SMRSL,2010-07-31T15:16:00Z
LRP-001-VR2W-109461-3,2012-04-12T18:56:00Z,46.48007,-84.28788,VR2W,SMRSL_LRP-001,SMRSL,SMRSL,
LRP-001-VR2W-109886-2,2011-04-27T15:39:00Z,46.48011223,-84.28779467,VR2W,SMRSL_LRP-001,SMRSL,SMRSL,2011-08-03T12:36:00Z
LSR_001-VR2W-112394-2017_08_08T12,2017-08-08T12:45:00Z,41.44973,-83.0258,VR2W,V2LGLFC_LSR_001,V2LGLFC,V2LGLFC,2018-03-28T13:30:00Z
LSR_001-VR2W-112394-2018_03_28T13,2018-03-28T13:50:00Z,41.44978,-83.02589,VR2W,V2LGLFC_LSR_001,V2LGLFC,V2LGLFC,2018-07-12T08:35:00Z
LSR_013-VR2W-110167-2017_04_28T10,2017-04-28T10:45:00Z,41.39442,-83.10665,VR2W,V2LGLFC_LSR_013,V2LGLFC,V2LGLFC,2017-08-08T11:16:00Z
LSR_013-VR2W-110167-2017_08_08T11,2017-08-08T11:16:00Z,41.39446,-83.10661,VR2W,V2LGLFC_LSR_013,V2LGLFC,V2LGLFC,2018-03-28T15:35:00Z
LSR_013-VR2W-110167-2018_03_28T15,2018-03-28T15:45:00Z,41.39441,-83.10662,VR2W,V2LGLFC_LSR_013,V2LGLFC,V2LGLFC,2018-07-12T10:15:00Z
LSR_015-VR2W-112494-2017_08_08T11,2017-08-08T11:04:00Z,41.38535,-83.08793,VR2W,V2LGLFC_LSR_015,V2LGLFC,V2LGLFC,2018-08-22T12:28:00Z
LSR_016-VR2W-110584-2018_07_12T11,2018-07-12T11:05:00Z,41.37936,-83.09637,VR2W,V2LGLFC_LSR_016,V2LGLFC,V2LGLFC,
LSR_017-VR2W-112405-2018_07_12T11,2018-07-12T11:25:00Z,41.36999,-83.09889,VR2W,V2LGLFC_LSR_017,V2LGLFC,V2LGLFC,
LSR_018-VR2W-112407-2017_08_08T10,2017-08-08T10:35:00Z,41.36243,-83.10282,VR2W,V2LGLFC_LSR_018,V2LGLFC,V2LGLFC,2018-08-22T11:25:00Z
LSR_019-VR2W-112330-2017_08_08T10,2017-08-08T10:26:00Z,41.35841,-83.10169,VR2W,V2LGLFC_LSR_019,V2LGLFC,V2LGLFC,
LWS-001-VR2W-109970-1,2012-04-13T12:22:00Z,46.51282,-84.2444,VR2W,SMRSL_LWS-001,SMRSL,SMRSL,
MNB-001-VR2W-109430-1,2010-04-19T17:52:00Z,46.32635594,-84.1594244,VR2W,SMRSL_MNB-001,SMRSL,SMRSL,2010-06-23T20:13:00Z
MNB-001-VR2W-109430-2,2010-06-23T20:24:00Z,46.32635594,-84.1594244,VR2W,SMRSL_MNB-001,SMRSL,SMRSL,2010-07-29T21:02:00Z
MNB-001-VR2W-109498-4,2012-04-17T14:12:00Z,46.32629,-84.15908,VR2W,SMRSL_MNB-001,SMRSL,SMRSL,
MNB-001-VR2W-113221-3,2011-04-25T17:01:00Z,46.32632783,-84.15931661,VR2W,SMRSL_MNB-001,SMRSL,SMRSL,2011-08-06T15:45:00Z
MNB-002-VR2W-109441-1,2010-04-19T17:38:00Z,46.32627772,-84.15771535,VR2W,SMRSL_MNB-002,SMRSL,SMRSL,2010-07-29T20:49:00Z
MNB-002-VR2W-109446-3,2012-04-17T13:50:00Z,46.32628,-84.15771,VR2W,SMRSL_MNB-002,SMRSL,SMRSL,
MNB-002-VR2W-109936-2,2011-04-25T17:47:00Z,46.32630825,-84.15779387,VR2W,SMRSL_MNB-002,SMRSL,SMRSL,2011-08-06T14:10:00Z
MNB-003-VR2W-109875-2,2012-04-17T14:56:00Z,46.32489,-84.15982,VR2W,SMRSL_MNB-003,SMRSL,SMRSL,
MNB-003-VR2W-113213-1,2011-04-25T17:37:00Z,46.32496341,-84.15978069,VR2W,SMRSL_MNB-003,SMRSL,SMRSL,2011-11-08T20:45:00Z
MNB-004-VR2W-109968-2,2012-04-17T14:50:00Z,46.32434,-84.15775,VR2W,SMRSL_MNB-004,SMRSL,SMRSL,
MNB-004-VR2W-113223-1,2011-04-25T17:29:00Z,46.32431336,-84.15746937,VR2W,SMRSL_MNB-004,SMRSL,SMRSL,2011-11-08T22:00:00Z
MNB-005-VR2W-106324-2,2012-04-17T14:32:00Z,46.32578,-84.15723,VR2W,SMRSL_MNB-005,SMRSL,SMRSL,
MNB-005-VR2W-113230-1,2011-04-25T17:16:00Z,46.32589527,-84.1576397,VR2W,SMRSL_MNB-005,SMRSL,SMRSL,2011-08-06T14:38:00Z
NNM-001-VR2W-109494-1,2012-04-13T19:51:00Z,46.38898,-84.22766,VR2W,SMRSL_NNM-001,SMRSL,SMRSL,
OGN_009-VR2W-112476-2017_10_05T17,2017-10-05T17:23:00Z,41.71464,-82.89326,VR2W,V2LGLFC_OGN_009,V2LGLFC,V2LGLFC,2017-10-06T08:40:00Z
OGN_011-VR2W-112400-2017_10_05T17,2017-10-05T17:50:00Z,41.63191,-82.89503,VR2W,V2LGLFC_OGN_011,V2LGLFC,V2LGLFC,2017-10-06T09:05:00Z
OGN_014-VR2W-112400-2017_10_12T16,2017-10-12T16:10:00Z,41.63378,-82.7703,VR2W,V2LGLFC_OGN_014,V2LGLFC,V2LGLFC,2017-10-13T08:00:00Z
OGN_016-VR2W-112476-2017_10_12T16,2017-10-12T16:40:00Z,41.65074,-82.64757,VR2W,V2LGLFC_OGN_016,V2LGLFC,V2LGLFC,2017-10-13T08:30:00Z
OGN_019-VR2W-112476-2017_10_19T17,2017-10-19T17:30:00Z,41.61954,-82.52378,VR2W,V2LGLFC_OGN_019,V2LGLFC,V2LGLFC,2017-10-20T09:40:00Z
OGN_022-VR2W-112400-2017_10_19T17,2017-10-19T17:05:00Z,41.54015,-82.48178,VR2W,V2LGLFC_OGN_022,V2LGLFC,V2LGLFC,2017-10-20T10:00:00Z
OGN_025-VR2W-112476-2017_10_18T16,2017-10-18T16:30:00Z,41.47069,-82.50955,VR2W,V2LGLFC_OGN_025,V2LGLFC,V2LGLFC,2017-10-19T11:00:00Z
OGN_026-VR2W-112400-2017_10_18T17,2017-10-18T17:00:00Z,41.41242,-82.52001,VR2W,V2LGLFC_OGN_026,V2LGLFC,V2LGLFC,2017-10-19T09:30:00Z
OGN_035-VR2W-112476-2017_10_25T17,2017-10-25T17:30:00Z,41.54408,-82.17529,VR2W,V2LGLFC_OGN_035,V2LGLFC,V2LGLFC,2017-10-26T09:10:00Z
OGN_038-VR2W-112400-2017_10_25T17,2017-10-25T17:45:00Z,41.50682,-82.18773,VR2W,V2LGLFC_OGN_038,V2LGLFC,V2LGLFC,2017-10-26T09:30:00Z
OGN_041-VR2W-113055-2017_11_08T14,2017-11-08T14:30:00Z,41.66403,-81.99832,VR2W,V2LGLFC_OGN_041,V2LGLFC,V2LGLFC,2017-11-09T07:20:00Z
OGN_045-VR2W-112476-2017_11_08T16,2017-11-08T16:45:00Z,41.52492,-81.99496,VR2W,V2LGLFC_OGN_045,V2LGLFC,V2LGLFC,2017-11-09T09:50:00Z
OGN_053-VR2W-112400-2017_11_08T15,2017-11-08T15:30:00Z,41.53169,-81.78303,VR2W,V2LGLFC_OGN_053,V2LGLFC,V2LGLFC,2017-11-09T08:30:00Z
OGN_063-VR2W-110583-2017_10_20T16,2017-10-20T16:36:00Z,41.77585,-81.27577,VR2W,V2LGLFC_OGN_063,V2LGLFC,V2LGLFC,2017-10-21T10:41:00Z
OGN_068-VR2W-112342-2017_10_20T15,2017-10-20T15:32:00Z,41.84836,-81.101,VR2W,V2LGLFC_OGN_068,V2LGLFC,V2LGLFC,2017-10-21T08:57:00Z
OVP-001-VR2W-109414-3,2012-04-17T20:17:00Z,46.49759,-84.38945,VR2W,SMRSL_OVP-001,SMRSL,SMRSL,
OVP-001-VR2W-109449-1,2010-04-20T15:51:00Z,46.49753394,-84.3894016,VR2W,SMRSL_OVP-001,SMRSL,SMRSL,2010-08-01T13:38:00Z
OVP-001-VR2W-109930-2,2011-04-27T13:47:00Z,46.4976659,-84.38945485,VR2W,SMRSL_OVP-001,SMRSL,SMRSL,2011-08-08T14:29:00Z
OVP-002-VR2W-109445-1,2010-04-20T15:42:00Z,46.50186626,-84.39260714,VR2W,SMRSL_OVP-002,SMRSL,SMRSL,2010-06-24T16:04:00Z
OVP-002-VR2W-109445-2,2010-06-24T16:20:00Z,46.50193652,-84.39252837,VR2W,SMRSL_OVP-002,SMRSL,SMRSL,2010-08-01T13:11:00Z
OVP-002-VR2W-109995-3,2011-04-27T13:56:00Z,46.50206096,-84.39232596,VR2W,SMRSL_OVP-002,SMRSL,SMRSL,2011-08-08T14:35:00Z
OVP-002-VR2W-110012-4,2012-04-17T20:00:00Z,46.50203,-84.39232,VR2W,SMRSL_OVP-002,SMRSL,SMRSL,
OVP-003-VR2W-109448-1,2010-04-20T15:34:00Z,46.50369673,-84.39434158,VR2W,SMRSL_OVP-003,SMRSL,SMRSL,2010-08-01T13:23:00Z
OVP-003-VR2W-109883-3,2012-04-17T20:07:00Z,46.50323,-84.39382,VR2W,SMRSL_OVP-003,SMRSL,SMRSL,
OVP-003-VR2W-109971-2,2011-04-27T14:05:00Z,46.50366834,-84.39417577,VR2W,SMRSL_OVP-003,SMRSL,SMRSL,2011-08-08T14:38:00Z
PCH-001-VR2W-109408-1,2010-04-17T15:54:00Z,46.53337889,-84.1392459,VR2W,SMRSL_PCH-001,SMRSL,SMRSL,2010-04-19T14:52:00Z
PCH-001-VR2W-109408-2,2010-04-19T15:13:00Z,46.52564374,-84.17266434,VR2W,SMRSL_PCH-001,SMRSL,SMRSL,2010-07-30T13:29:00Z
PCH-001-VR2W-109453-4,2012-04-13T13:03:00Z,46.52558,-84.17251,VR2W,SMRSL_PCH-001,SMRSL,SMRSL,
PCH-001-VR2W-109889-3,2011-04-26T15:26:00Z,46.52568535,-84.17260303,VR2W,SMRSL_PCH-001,SMRSL,SMRSL,2011-08-08T16:20:00Z
PCH-002-VR2W-109468-1,2010-04-19T15:20:00Z,46.52808462,-84.17242691,VR2W,SMRSL_PCH-002,SMRSL,SMRSL,2010-07-30T13:46:00Z
PCH-002-VR2W-109927-2,2011-04-26T15:36:00Z,46.52794268,-84.17244429,VR2W,SMRSL_PCH-002,SMRSL,SMRSL,2011-08-08T16:30:00Z
PSE-001-VR2AR-551594-2025_05_03T13,2025-05-03T13:43:00Z,45.3404,-80.0435,VR2AR,V2LPSAP_PSE-001,V2LPSAP,V2LPSAP,
PSE-002-VR2AR-553439-2025_05_03T14,2025-05-03T14:05:00Z,45.34015,-80.0572,VR2AR,V2LPSAP_PSE-002,V2LPSAP,V2LPSAP,
PSE-003-VR2AR-553433-2025_05_03T14,2025-05-03T14:09:00Z,45.3473,-80.0571,VR2AR,V2LPSAP_PSE-003,V2LPSAP,V2LPSAP,
PSE-004-VR2AR-551496-2025_05_03T14,2025-05-03T14:12:00Z,45.34732,-80.06737,VR2AR,V2LPSAP_PSE-004,V2LPSAP,V2LPSAP,
PSE-005-VR2AR-551498-2025_05_03T14,2025-05-03T14:16:00Z,45.34732,-80.07743,VR2AR,V2LPSAP_PSE-005,V2LPSAP,V2LPSAP,
PSE-006-VR2AR-552932-2025_05_03T14,2025-05-03T14:18:00Z,45.34732,-80.08778,VR2AR,V2LPSAP_PSE-006,V2LPSAP,V2LPSAP,
PSE-007-VR2AR-553435-2025_05_03T14,2025-05-03T14:22:00Z,45.35445,-80.08782,VR2AR,V2LPSAP_PSE-007,V2LPSAP,V2LPSAP,
PSE-008-VR2AR-553438-2025_05_03T14,2025-05-03T14:26:00Z,45.35433,-80.07758,VR2AR,V2LPSAP_PSE-008,V2LPSAP,V2LPSAP,
PSE-009-VR2AR-547536-2025_05_03T14,2025-05-03T14:30:00Z,45.3545,-80.0674,VR2AR,V2LPSAP_PSE-009,V2LPSAP,V2LPSAP,
PSE-010-VR2AR-551497-2025_05_03T14,2025-05-03T14:33:00Z,45.36175,-80.06737,VR2AR,V2LPSAP_PSE-010,V2LPSAP,V2LPSAP,
PSE-011-VR2AR-552933-2025_05_03T14,2025-05-03T14:36:00Z,45.36177,-80.0776,VR2AR,V2LPSAP_PSE-011,V2LPSAP,V2LPSAP,
PSE-012-VR2AR-552930-2025_05_03T14,2025-05-03T14:40:00Z,45.36177,-80.0878,VR2AR,V2LPSAP_PSE-012,V2LPSAP,V2LPSAP,
PSE-013-VR2AR-552937-2025_05_03T14,2025-05-03T14:44:00Z,45.3616,-80.09803,VR2AR,V2LPSAP_PSE-013,V2LPSAP,V2LPSAP,
PSE-014-VR2AR-551499-2025_05_03T16,2025-05-03T16:22:00Z,45.36165,-80.10818,VR2AR,V2LPSAP_PSE-014,V2LPSAP,V2LPSAP,
PSE-015-VR2AR-551495-2025_05_03T15,2025-05-03T15:28:00Z,45.3689,-80.1065,VR2AR,V2LPSAP_PSE-015,V2LPSAP,V2LPSAP,
PSE-016-VR2AR-553436-2025_05_03T15,2025-05-03T15:25:00Z,45.3689,-80.098,VR2AR,V2LPSAP_PSE-016,V2LPSAP,V2LPSAP,
PSE-017-VR2AR-551492-2025_05_03T15,2025-05-03T15:23:00Z,45.3689,-80.08777,VR2AR,V2LPSAP_PSE-017,V2LPSAP,V2LPSAP,
PSE-018-VR2AR-551493-2025_05_03T15,2025-05-03T15:19:00Z,45.36888,-80.07762,VR2AR,V2LPSAP_PSE-018,V2LPSAP,V2LPSAP,
PSE-019-VR2AR-552936-2025_05_03T15,2025-05-03T15:16:00Z,45.3688,-80.06738,VR2AR,V2LPSAP_PSE-019,V2LPSAP,V2LPSAP,
PSE-020-VR2AR-553441-2025_05_03T15,2025-05-03T15:39:00Z,45.36885,-80.1179,VR2AR,V2LPSAP_PSE-020,V2LPSAP,V2LPSAP,
PSE-021-VR2AR-553437-2025_05_03T15,2025-05-03T15:52:00Z,45.36892,-80.12817,VR2AR,V2LPSAP_PSE-021,V2LPSAP,V2LPSAP,
PSE-022-VR2AR-553440-2025_05_03T15,2025-05-03T15:54:00Z,45.36892,-80.139,VR2AR,V2LPSAP_PSE-022,V2LPSAP,V2LPSAP,
PSE-026-VR2AR-553434-2025_05_03T16,2025-05-03T16:09:00Z,45.36895,-80.16945,VR2AR,V2LPSAP_PSE-026,V2LPSAP,V2LPSAP,
PSE-027-VR2AR-551500-2025_05_03T16,2025-05-03T16:12:00Z,45.36896,-80.1795,VR2AR,V2LPSAP_PSE-027,V2LPSAP,V2LPSAP,
PSM-001-VR2AR-553218-2024_05_02T17,2024-05-02T17:18:00Z,45.31912,-80.13901,VR2AR,V2LPSAP_PSM-001,V2LPSAP,V2LPSAP,2025-05-01T12:31:00Z
PSM-001-VR2AR-553218-2025_05_01T12,2025-05-01T12:53:00Z,45.3191,-80.139,VR2AR,V2LPSAP_PSM-001,V2LPSAP,V2LPSAP,
PSM-002-VR2AR-553241-2024_05_02T17,2024-05-02T17:22:00Z,45.32571,-80.1388,VR2AR,V2LPSAP_PSM-002,V2LPSAP,V2LPSAP,2025-05-01T13:04:00Z
PSM-002-VR2AR-553241-2025_05_01T13,2025-05-01T13:30:00Z,45.32571,-80.1388,VR2AR,V2LPSAP_PSM-002,V2LPSAP,V2LPSAP,
PSM-003-VR2AR-553248-2024_05_02T17,2024-05-02T17:06:00Z,45.32571,-80.149,VR2AR,V2LPSAP_PSM-003,V2LPSAP,V2LPSAP,2025-04-30T16:30:00Z
PSM-003-VR2AR-553248-2025_04_30T16,2025-04-30T16:54:00Z,45.32571,-80.14913,VR2AR,V2LPSAP_PSM-003,V2LPSAP,V2LPSAP,
PSM-004-VR2AR-553253-2024_05_02T16,2024-05-02T16:58:00Z,45.3257,-80.1592,VR2AR,V2LPSAP_PSM-004,V2LPSAP,V2LPSAP,2025-05-01T15:03:00Z
PSM-004-VR2AR-553253-2025_05_01T15,2025-05-01T15:21:00Z,45.32571,-80.15916,VR2AR,V2LPSAP_PSM-004,V2LPSAP,V2LPSAP,
PSM-005-VR2AR-553240-2024_05_02T16,2024-05-02T16:48:00Z,45.32723,-80.1694,VR2AR,V2LPSAP_PSM-005,V2LPSAP,V2LPSAP,2025-05-01T15:26:00Z
PSM-005-VR2AR-553240-2025_05_01T15,2025-05-01T15:43:00Z,45.3272,-80.1694,VR2AR,V2LPSAP_PSM-005,V2LPSAP,V2LPSAP,
PSM-006-VR2AR-553220-2024_05_02T16,2024-05-02T16:54:00Z,45.33199,-80.16932,VR2AR,V2LPSAP_PSM-006,V2LPSAP,V2LPSAP,2025-05-01T15:50:00Z
PSM-006-VR2AR-553220-2025_05_01T16,2025-05-01T16:12:00Z,45.33199,-80.16931,VR2AR,V2LPSAP_PSM-006,V2LPSAP,V2LPSAP,
PSM-007-VR2AR-553250-2024_05_02T17,2024-05-02T17:02:00Z,45.3329,-80.1592,VR2AR,V2LPSAP_PSM-007,V2LPSAP,V2LPSAP,2025-04-30T16:42:00Z
PSM-007-VR2AR-553250-2025_04_30T17,2025-04-30T17:09:00Z,45.33288,-80.15916,VR2AR,V2LPSAP_PSM-007,V2LPSAP,V2LPSAP,
PSM-008-VR2AR-553215-2024_05_02T17,2024-05-02T17:12:00Z,45.3329,-80.149,VR2AR,V2LPSAP_PSM-008,V2LPSAP,V2LPSAP,2025-04-30T16:08:00Z
PSM-008-VR2AR-553215-2025_04_30T16,2025-04-30T16:38:00Z,45.33286,-80.1489,VR2AR,V2LPSAP_PSM-008,V2LPSAP,V2LPSAP,
PSM-009-VR2AR-547536-2024_04_30T17,2024-04-30T17:00:00Z,45.3329,-80.1388,VR2AR,V2LPSAP_PSM-009,V2LPSAP,V2LPSAP,2025-05-03T08:34:00Z
PSM-009-VR2AR-553432-2025_05_03T11,2025-05-03T11:38:00Z,45.33292,-80.13878,VR2AR,V2LPSAP_PSM-009,V2LPSAP,V2LPSAP,
PSM-010-VR2AR-548677-2024_04_30T16,2024-04-30T16:00:00Z,45.33288,-80.12842,VR2AR,V2LPSAP_PSM-010,V2LPSAP,V2LPSAP,2025-05-03T11:32:00Z
PSM-010-VR2AR-548677-2025_05_03T11,2025-05-03T11:32:00Z,45.33288,-80.1284,VR2AR,V2LPSAP_PSM-010,V2LPSAP,V2LPSAP,
PSM-011-VR2AR-547592-2024_04_30T15,2024-04-30T15:55:00Z,45.33293,-80.1184,VR2AR,V2LPSAP_PSM-011,V2LPSAP,V2LPSAP,2025-05-03T10:46:00Z
PSM-011-VR2AR-547592-2025_05_03T11,2025-05-03T11:24:00Z,45.33288,-80.11843,VR2AR,V2LPSAP_PSM-011,V2LPSAP,V2LPSAP,
PSM-012-VR2AR-548208-2024_04_30T15,2024-04-30T15:47:00Z,45.33288,-80.10827,VR2AR,V2LPSAP_PSM-012,V2LPSAP,V2LPSAP,2025-05-01T14:15:00Z
PSM-012-VR2AR-548208-2025_05_01T14,2025-05-01T14:49:00Z,45.3329,-80.10826,VR2AR,V2LPSAP_PSM-012,V2LPSAP,V2LPSAP,
PSM-013-VR2AR-553255-2024_05_02T14,2024-05-02T14:10:00Z,45.3328,-80.09898,VR2AR,V2LPSAP_PSM-013,V2LPSAP,V2LPSAP,2025-05-01T14:07:00Z
PSM-013-VR2AR-553255-2025_05_01T14,2025-05-01T14:31:00Z,45.33283,-80.09903,VR2AR,V2LPSAP_PSM-013,V2LPSAP,V2LPSAP,
PSM-014-VR2AR-553233-2024_05_02T14,2024-05-02T14:15:00Z,45.34005,-80.0984,VR2AR,V2LPSAP_PSM-014,V2LPSAP,V2LPSAP,2025-05-04T10:10:00Z
PSM-014-VR2AR-553233-2025_05_04T10,2025-05-04T10:28:00Z,45.34003,-80.09838,VR2AR,V2LPSAP_PSM-014,V2LPSAP,V2LPSAP,
PSM-015-VR2AR-553257-2024_05_02T14,2024-05-02T14:17:00Z,45.34018,-80.10818,VR2AR,V2LPSAP_PSM-015,V2LPSAP,V2LPSAP,2025-05-03T09:00:00Z
PSM-015-VR2AR-553257-2025_05_03T09,2025-05-03T09:24:00Z,45.34017,-80.10815,VR2AR,V2LPSAP_PSM-015,V2LPSAP,V2LPSAP,
PSM-016-RBR-201660-2024_04_30T12,2024-04-30T12:10:00Z,45.34008,-80.11835,RBR,V2LPSAP_PSM-016,V2LPSAP,V2LPSAP,2024-11-20T14:43:00Z
PSM-016-RBR-201660-2025_05_01T15,2025-05-01T15:37:00Z,45.34012,-80.11865,RBR,V2LPSAP_PSM-016,V2LPSAP,V2LPSAP,
PSM-016-VR2AR-554438-2024_04_30T12,2024-04-30T12:08:00Z,45.3401,-80.11839,VR2AR,V2LPSAP_PSM-016,V2LPSAP,V2LPSAP,2024-11-20T14:43:00Z
PSM-016-VR2AR-554438-2024_11_20T14,2024-11-20T14:57:00Z,45.34005,-80.11862,VR2AR,V2LPSAP_PSM-016,V2LPSAP,V2LPSAP,2025-05-01T10:46:00Z
PSM-016-VR2AR-554438-2025_05_01T10,2025-05-01T10:54:00Z,45.34005,-80.1187,VR2AR,V2LPSAP_PSM-016,V2LPSAP,V2LPSAP,2025-05-01T15:34:00Z
PSM-017-VR2AR-553223-2024_05_02T14,2024-05-02T14:24:00Z,45.3401,-80.12859,VR2AR,V2LPSAP_PSM-017,V2LPSAP,V2LPSAP,2025-05-01T12:35:00Z
PSM-017-VR2AR-553223-2025_05_01T12,2025-05-01T12:52:00Z,45.34012,-80.12862,VR2AR,V2LPSAP_PSM-017,V2LPSAP,V2LPSAP,
PSM-018-VR2AR-553203-2024_05_02T14,2024-05-02T14:27:00Z,45.34023,-80.13872,VR2AR,V2LPSAP_PSM-018,V2LPSAP,V2LPSAP,2025-04-30T15:37:00Z
PSM-018-VR2AR-553203-2025_04_30T15,2025-04-30T15:59:00Z,45.34025,-80.13875,VR2AR,V2LPSAP_PSM-018,V2LPSAP,V2LPSAP,
PSM-019-VR2AR-553229-2024_05_02T14,2024-05-02T14:31:00Z,45.3401,-80.149,VR2AR,V2LPSAP_PSM-019,V2LPSAP,V2LPSAP,2025-04-30T15:25:00Z
PSM-019-VR2AR-553229-2025_04_30T15,2025-04-30T15:42:00Z,45.3401,-80.1491,VR2AR,V2LPSAP_PSM-019,V2LPSAP,V2LPSAP,
PSM-020-VR2AR-553226-2024_05_02T14,2024-05-02T14:35:00Z,45.34023,-80.15623,VR2AR,V2LPSAP_PSM-020,V2LPSAP,V2LPSAP,2024-07-24T00:00:00Z
PSM-020-VR2AR-553226-2024_11_19T10,2024-11-19T10:30:00Z,45.34035,-80.15652,VR2AR,V2LPSAP_PSM-020,V2LPSAP,V2LPSAP,2025-04-30T15:10:00Z
PSM-020-VR2AR-553226-2025_04_30T15,2025-04-30T15:28:00Z,45.34033,-80.15648,VR2AR,V2LPSAP_PSM-020,V2LPSAP,V2LPSAP,
PSM-021-VR2AR-553227-2024_05_02T14,2024-05-02T14:40:00Z,45.3481,-80.16751,VR2AR,V2LPSAP_PSM-021,V2LPSAP,V2LPSAP,2025-04-30T11:35:00Z
PSM-021-VR2AR-553227-2025_04_30T11,2025-04-30T11:54:00Z,45.34812,-80.16747,VR2AR,V2LPSAP_PSM-021,V2LPSAP,V2LPSAP,
PSM-022-VR2AR-553235-2024_05_02T14,2024-05-02T14:44:00Z,45.3473,-80.1592,VR2AR,V2LPSAP_PSM-022,V2LPSAP,V2LPSAP,2025-04-30T12:00:00Z
PSM-022-VR2AR-553235-2025_04_30T14,2025-04-30T14:45:00Z,45.34727,-80.15915,VR2AR,V2LPSAP_PSM-022,V2LPSAP,V2LPSAP,
PSM-023-VR2AR-553231-2024_05_02T14,2024-05-02T14:48:00Z,45.3473,-80.149,VR2AR,V2LPSAP_PSM-023,V2LPSAP,V2LPSAP,2025-04-30T14:40:00Z
PSM-023-VR2AR-553231-2025_04_30T15,2025-04-30T15:04:00Z,45.3473,-80.14898,VR2AR,V2LPSAP_PSM-023,V2LPSAP,V2LPSAP,
PSM-024-VR2AR-553232-2024_05_02T14,2024-05-02T14:53:00Z,45.3473,-80.1388,VR2AR,V2LPSAP_PSM-024,V2LPSAP,V2LPSAP,2025-04-30T12:15:00Z
PSM-024-VR2AR-553232-2025_04_30T14,2025-04-30T14:28:00Z,45.34726,-80.13885,VR2AR,V2LPSAP_PSM-024,V2LPSAP,V2LPSAP,
PSM-025-VR2AR-553217-2024_05_02T14,2024-05-02T14:56:00Z,45.3473,-80.12859,VR2AR,V2LPSAP_PSM-025,V2LPSAP,V2LPSAP,2025-05-01T12:20:00Z
PSM-025-VR2AR-553217-2025_05_01T12,2025-05-01T12:33:00Z,45.3473,-80.12865,VR2AR,V2LPSAP_PSM-025,V2LPSAP,V2LPSAP,
PSM-026-VR2AR-553210-2024_05_02T15,2024-05-02T15:00:00Z,45.3473,-80.11839,VR2AR,V2LPSAP_PSM-026,V2LPSAP,V2LPSAP,2025-05-01T09:45:00Z
PSM-026-VR2AR-553210-2025_05_01T10,2025-05-01T10:45:00Z,45.3473,-80.11835,VR2AR,V2LPSAP_PSM-026,V2LPSAP,V2LPSAP,
PSM-027-VR2AR-553237-2024_05_02T15,2024-05-02T15:04:00Z,45.3473,-80.10819,VR2AR,V2LPSAP_PSM-027,V2LPSAP,V2LPSAP,2025-05-01T11:30:00Z
PSM-027-VR2AR-553237-2025_05_01T11,2025-05-01T11:43:00Z,45.34727,-80.1082,VR2AR,V2LPSAP_PSM-027,V2LPSAP,V2LPSAP,
PSM-028-VR2AR-553213-2024_05_02T16,2024-05-02T16:26:00Z,45.3473,-80.09798,VR2AR,V2LPSAP_PSM-028,V2LPSAP,V2LPSAP,2025-05-01T11:35:00Z
PSM-028-VR2AR-553213-2025_05_01T12,2025-05-01T12:01:00Z,45.34727,-80.09797,VR2AR,V2LPSAP_PSM-028,V2LPSAP,V2LPSAP,
PSM-029-VR2AR-553208-2024_05_03T08,2024-05-03T08:50:00Z,45.35449,-80.09798,VR2AR,V2LPSAP_PSM-029,V2LPSAP,V2LPSAP,2025-05-01T11:57:00Z
PSM-029-VR2AR-553208-2025_05_01T12,2025-05-01T12:05:00Z,45.35452,-80.09805,VR2AR,V2LPSAP_PSM-029,V2LPSAP,V2LPSAP,
PSM-030-VR2AR-553244-2024_05_03T08,2024-05-03T08:53:00Z,45.3545,-80.10818,VR2AR,V2LPSAP_PSM-030,V2LPSAP,V2LPSAP,2025-05-01T09:15:00Z
PSM-030-VR2AR-553244-2025_05_01T09,2025-05-01T09:25:00Z,45.35447,-80.10815,VR2AR,V2LPSAP_PSM-030,V2LPSAP,V2LPSAP,
PSM-031-VR2AR-553214-2024_05_03T08,2024-05-03T08:55:00Z,45.3545,-80.1184,VR2AR,V2LPSAP_PSM-031,V2LPSAP,V2LPSAP,2025-05-01T09:20:00Z
PSM-031-VR2AR-553214-2025_05_01T09,2025-05-01T09:31:00Z,45.35445,-80.11843,VR2AR,V2LPSAP_PSM-031,V2LPSAP,V2LPSAP,
PSM-032-VR2AR-553221-2024_05_03T08,2024-05-03T08:58:00Z,45.3545,-80.12859,VR2AR,V2LPSAP_PSM-032,V2LPSAP,V2LPSAP,2025-05-01T09:36:00Z
PSM-032-VR2AR-553221-2025_05_01T09,2025-05-01T09:53:00Z,45.35452,-80.1287,VR2AR,V2LPSAP_PSM-032,V2LPSAP,V2LPSAP,
PSM-033-VR2AR-553205-2024_05_03T09,2024-05-03T09:00:00Z,45.3545,-80.1388,VR2AR,V2LPSAP_PSM-033,V2LPSAP,V2LPSAP,2025-04-30T09:58:00Z
PSM-033-VR2AR-553205-2025_04_30T10,2025-04-30T10:21:00Z,45.35453,-80.13917,VR2AR,V2LPSAP_PSM-033,V2LPSAP,V2LPSAP,
PSM-034-VR2AR-553212-2024_05_02T17,2024-05-02T17:36:00Z,45.3545,-80.149,VR2AR,V2LPSAP_PSM-034,V2LPSAP,V2LPSAP,2025-04-30T10:15:00Z
PSM-034-VR2AR-553212-2025_04_30T10,2025-04-30T10:27:00Z,45.35452,-80.14902,VR2AR,V2LPSAP_PSM-034,V2LPSAP,V2LPSAP,
PSM-035-VR2AR-553246-2024_05_02T17,2024-05-02T17:33:00Z,45.3545,-80.15921,VR2AR,V2LPSAP_PSM-035,V2LPSAP,V2LPSAP,2025-04-30T17:07:00Z
PSM-035-VR2AR-553246-2025_04_30T17,2025-04-30T17:18:00Z,45.35448,-80.15923,VR2AR,V2LPSAP_PSM-035,V2LPSAP,V2LPSAP,
PSM-036-VR2AR-553209-2024_05_02T17,2024-05-02T17:29:00Z,45.35449,-80.16941,VR2AR,V2LPSAP_PSM-036,V2LPSAP,V2LPSAP,2025-04-30T11:19:00Z
PSM-036-VR2AR-553209-2025_04_30T11,2025-04-30T11:31:00Z,45.35447,-80.16942,VR2AR,V2LPSAP_PSM-036,V2LPSAP,V2LPSAP,
PSM-037-VR2AR-553224-2024_05_02T17,2024-05-02T17:46:00Z,45.36169,-80.16942,VR2AR,V2LPSAP_PSM-037,V2LPSAP,V2LPSAP,2025-04-30T08:25:00Z
PSM-037-VR2AR-553224-2025_04_30T08,2025-04-30T08:48:00Z,45.36178,-80.16945,VR2AR,V2LPSAP_PSM-037,V2LPSAP,V2LPSAP,
PSM-038-VR2AR-553254-2024_05_02T17,2024-05-02T17:43:00Z,45.3617,-80.15921,VR2AR,V2LPSAP_PSM-038,V2LPSAP,V2LPSAP,2025-04-30T08:58:00Z
PSM-038-VR2AR-553254-2025_04_30T10,2025-04-30T10:37:00Z,45.36172,-80.15922,VR2AR,V2LPSAP_PSM-038,V2LPSAP,V2LPSAP,
PSM-039-VR2AR-553249-2024_05_02T17,2024-05-02T17:39:00Z,45.3617,-80.149,VR2AR,V2LPSAP_PSM-039,V2LPSAP,V2LPSAP,2025-04-30T10:38:00Z
PSM-039-VR2AR-553249-2025_04_30T11,2025-04-30T11:09:00Z,45.3617,-80.149,VR2AR,V2LPSAP_PSM-039,V2LPSAP,V2LPSAP,
PSM-040-VR2AR-553251-2024_05_03T09,2024-05-03T09:03:00Z,45.3617,-80.1388,VR2AR,V2LPSAP_PSM-040,V2LPSAP,V2LPSAP,2025-04-30T09:53:00Z
PSM-040-VR2AR-553251-2025_04_30T10,2025-04-30T10:06:00Z,45.36173,-80.13875,VR2AR,V2LPSAP_PSM-040,V2LPSAP,V2LPSAP,
PSM-041-VR2AR-553207-2024_05_03T09,2024-05-03T09:06:00Z,45.3617,-80.12859,VR2AR,V2LPSAP_PSM-041,V2LPSAP,V2LPSAP,2025-05-01T10:05:00Z
PSM-041-VR2AR-553207-2025_05_01T10,2025-05-01T10:25:00Z,45.36172,-80.12862,VR2AR,V2LPSAP_PSM-041,V2LPSAP,V2LPSAP,
PSM-042-VR2AR-553252-2024_05_03T09,2024-05-03T09:08:00Z,45.3617,-80.11839,VR2AR,V2LPSAP_PSM-042,V2LPSAP,V2LPSAP,2025-05-01T10:01:00Z
PSM-042-VR2AR-553252-2025_05_01T10,2025-05-01T10:17:00Z,45.36173,-80.1184,VR2AR,V2LPSAP_PSM-042,V2LPSAP,V2LPSAP,
PWC-001-VR2W-109461-1,2010-04-16T14:07:00Z,46.505623,-84.350061,VR2W,SMRSL_PWC-001,SMRSL,SMRSL,2010-06-03T15:20:00Z
PWC-001-VR2W-109461-2,2010-06-03T15:40:00Z,46.505623,-84.350061,VR2W,SMRSL_PWC-001,SMRSL,SMRSL,2010-08-02T17:05:00Z
PWC-001-VR2W-109876-3,2011-05-25T15:23:00Z,46.50538977,-84.35130657,VR2W,SMRSL_PWC-001,SMRSL,SMRSL,2011-08-04T15:36:00Z
PWC-001-VR2W-109900-4,2012-04-17T19:11:00Z,46.50537,-84.35128,VR2W,SMRSL_PWC-001,SMRSL,SMRSL,
PWC-002-VR2W-109418-1,2010-04-16T14:11:00Z,46.505385,-84.351702,VR2W,SMRSL_PWC-002,SMRSL,SMRSL,2010-06-03T15:48:00Z
PWC-002-VR2W-109418-2,2010-06-03T16:03:00Z,46.505187,-84.352709,VR2W,SMRSL_PWC-002,SMRSL,SMRSL,2010-08-02T16:49:00Z
PWC-002-VR2W-109428-4,2012-04-17T19:17:00Z,46.50504,-84.35313,VR2W,SMRSL_PWC-002,SMRSL,SMRSL,
PWC-002-VR2W-109951-3,2011-05-25T15:39:00Z,46.50508463,-84.35300244,VR2W,SMRSL_PWC-002,SMRSL,SMRSL,2011-08-04T15:42:00Z
RNS-001-VR2W-109410-1,2010-04-18T20:20:00Z,46.25226568,-84.10265225,VR2W,SMRSL_RNS-001,SMRSL,SMRSL,2010-04-27T17:35:00Z
RNS-001-VR2W-109410-2,2010-04-27T17:46:00Z,46.25222,-84.102676,VR2W,SMRSL_RNS-001,SMRSL,SMRSL,2010-06-22T14:44:00Z
RNS-001-VR2W-109410-3,2010-06-22T14:59:00Z,46.252275,-84.102722,VR2W,SMRSL_RNS-001,SMRSL,SMRSL,2010-08-04T16:15:00Z
RNS-002-VR2W-109421-1,2010-04-18T20:28:00Z,46.25202064,-84.10061274,VR2W,SMRSL_RNS-002,SMRSL,SMRSL,2010-04-27T18:01:00Z
RNS-002-VR2W-109421-2,2010-04-27T18:12:00Z,46.2519,-84.100868,VR2W,SMRSL_RNS-002,SMRSL,SMRSL,2010-08-04T13:53:00Z
RNS-003-VR2W-109459-1,2010-04-18T20:48:00Z,46.252539,-84.099208,VR2W,SMRSL_RNS-003,SMRSL,SMRSL,2010-06-22T15:43:00Z
RNS-003-VR2W-109459-2,2010-06-22T16:02:00Z,46.25233,-84.099016,VR2W,SMRSL_RNS-003,SMRSL,SMRSL,2010-07-29T18:04:00Z
RNS-003-VR2W-113227-3,2011-04-25T20:41:00Z,46.252462,-84.09886467,VR2W,SMRSL_RNS-003,SMRSL,SMRSL,2011-08-05T17:48:00Z
RNS-004-VR2W-106784-1,2010-05-20T13:29:00Z,46.252643,-84.100372,VR2W,SMRSL_RNS-004,SMRSL,SMRSL,2010-08-04T14:35:00Z
RNS-005-VR2W-109411-1,2010-04-18T20:40:00Z,46.253214,-84.10005,VR2W,SMRSL_RNS-005,SMRSL,SMRSL,2010-08-04T14:42:00Z
RNS-006-VR2W-109464-1,2010-04-18T20:07:00Z,46.25355481,-84.10228243,VR2W,SMRSL_RNS-006,SMRSL,SMRSL,2010-04-27T17:00:00Z
RNS-006-VR2W-109464-2,2010-04-27T17:18:00Z,46.25355057,-84.10230219,VR2W,SMRSL_RNS-006,SMRSL,SMRSL,2010-06-22T14:09:00Z
RNS-006-VR2W-109464-3,2010-06-22T14:30:00Z,46.25356031,-84.10228221,VR2W,SMRSL_RNS-006,SMRSL,SMRSL,2010-07-29T16:29:00Z
RNS-006-VR2W-113228-4,2011-04-25T20:50:00Z,46.25359967,-84.10229388,VR2W,SMRSL_RNS-006,SMRSL,SMRSL,2011-08-05T16:28:00Z
RNS-007-VR2W-109409-1,2012-04-17T15:30:00Z,46.25878,-84.10362,VR2W,SMRSL_RNS-007,SMRSL,SMRSL,
RTR-001-VR2W-109422-1,2010-04-19T14:20:00Z,46.54205481,-84.20278287,VR2W,SMRSL_RTR-001,SMRSL,SMRSL,2010-07-30T12:58:00Z
RTR-001-VR2W-109984-3,2012-04-16T15:00:00Z,46.54234,-84.21269,VR2W,SMRSL_RTR-001,SMRSL,SMRSL,
RTR-001-VR2W-110005-2,2011-05-18T20:16:00Z,46.54233095,-84.21271804,VR2W,SMRSL_RTR-001,SMRSL,SMRSL,2011-08-09T13:59:00Z
RTR-002-VR2W-109427-1,2010-04-19T14:12:00Z,46.54148179,-84.20490942,VR2W,SMRSL_RTR-002,SMRSL,SMRSL,2010-07-30T13:05:00Z
RTR-002-VR2W-109896-2,2011-05-18T20:05:00Z,46.54274531,-84.2159605,VR2W,SMRSL_RTR-002,SMRSL,SMRSL,2011-08-09T14:30:00Z
RTR-002-VR2W-113227-3,2012-04-16T15:10:00Z,46.54273,-84.21595,VR2W,SMRSL_RTR-002,SMRSL,SMRSL,
RVR-001-VR2W-109410-3,2012-04-12T19:34:00Z,46.46697,-84.29288,VR2W,SMRSL_RVR-001,SMRSL,SMRSL,
RVR-001-VR2W-109420-1,2010-04-16T19:00:00Z,46.46455204,-84.29028089,VR2W,SMRSL_RVR-001,SMRSL,SMRSL,2010-07-31T14:58:00Z
RVR-001-VR2W-113226-2,2011-04-27T15:59:00Z,46.4668172,-84.29265111,VR2W,SMRSL_RVR-001,SMRSL,SMRSL,2011-08-03T12:59:00Z
RVR-002-VR2W-109406-1,2010-04-16T17:52:00Z,46.47607137,-84.30246532,VR2W,SMRSL_RVR-002,SMRSL,SMRSL,2010-07-31T14:32:00Z
RVR-002-VR2W-109920-3,2012-04-12T17:33:00Z,46.47624,-84.30228,VR2W,SMRSL_RVR-002,SMRSL,SMRSL,
RVR-002-VR2W-110011-2,2011-04-27T16:15:00Z,46.47621261,-84.30229132,VR2W,SMRSL_RVR-002,SMRSL,SMRSL,2011-08-03T11:54:00Z
SDB_010-VR2W-106602-2017_08_10T14,2017-08-10T14:05:00Z,41.48442,-82.82857,VR2W,V2LGLFC_SDB_010,V2LGLFC,V2LGLFC,2018-08-21T09:45:00Z
SQR-001-VR2W-113215-1,2011-04-25T23:04:00Z,46.51451787,-84.11585217,VR2W,SMRSL_SQR-001,SMRSL,SMRSL,2011-08-07T15:32:00Z
SQR-002-VR2W-113211-1,2011-04-25T23:12:00Z,46.51362798,-84.11764055,VR2W,SMRSL_SQR-002,SMRSL,SMRSL,2011-08-07T13:59:00Z
SQR-003-VR2W-113216-1,2011-04-25T22:49:00Z,46.51273376,-84.11591454,VR2W,SMRSL_SQR-003,SMRSL,SMRSL,2011-08-03T18:30:00Z
SQR-004-VR2W-113224-1,2011-04-25T22:54:00Z,46.51394223,-84.11397487,VR2W,SMRSL_SQR-004,SMRSL,SMRSL,2011-08-07T15:14:00Z
SSM-001-VR2W-109444-1,2010-04-20T19:05:00Z,46.510379,-84.341212,VR2W,SMRSL_SSM-001,SMRSL,SMRSL,2010-08-01T16:52:00Z
SSM-001-VR2W-109951-3,2012-04-15T17:24:00Z,46.5105,-84.34119,VR2W,SMRSL_SSM-001,SMRSL,SMRSL,
SSM-001-VR2W-109983-2,2011-05-02T17:52:00Z,46.5102027,-84.34105963,VR2W,SMRSL_SSM-001,SMRSL,SMRSL,2011-08-04T12:55:00Z
SSM-002-VR2W-109443-1,2010-04-20T19:17:00Z,46.508689,-84.341737,VR2W,SMRSL_SSM-002,SMRSL,SMRSL,2010-08-01T15:27:00Z
SSM-002-VR2W-109892-2,2011-05-02T18:21:00Z,46.50893272,-84.34158651,VR2W,SMRSL_SSM-002,SMRSL,SMRSL,2011-08-04T13:22:00Z
SSM-002-VR2W-109945-3,2012-04-15T17:40:00Z,46.50935,-84.34123,VR2W,SMRSL_SSM-002,SMRSL,SMRSL,
SSM-003-VR2W-109422-3,2012-04-15T19:09:00Z,46.50705,-84.34181,VR2W,SMRSL_SSM-003,SMRSL,SMRSL,
SSM-003-VR2W-109435-1,2010-04-20T19:28:00Z,46.506951,-84.343113,VR2W,SMRSL_SSM-003,SMRSL,SMRSL,2010-11-02T16:45:00Z
SSM-003-VR2W-109984-2,2011-05-11T13:28:00Z,46.50691975,-84.3416597,VR2W,SMRSL_SSM-003,SMRSL,SMRSL,2011-08-04T14:41:00Z
SSM-004-VR2W-109416-1,2010-04-16T15:56:00Z,46.50050039,-84.33756627,VR2W,SMRSL_SSM-004,SMRSL,SMRSL,2010-06-02T17:54:00Z
SSM-004-VR2W-109416-2,2010-06-02T18:05:00Z,46.50050039,-84.33756627,VR2W,SMRSL_SSM-004,SMRSL,SMRSL,2010-07-31T17:20:00Z
SSM-004-VR2W-109877-3,2011-05-02T16:08:00Z,46.50049862,-84.33754993,VR2W,SMRSL_SSM-004,SMRSL,SMRSL,2011-08-03T19:40:00Z
SSM-004-VR2W-109986-4,2012-04-14T18:45:00Z,46.50051,-84.33756,VR2W,SMRSL_SSM-004,SMRSL,SMRSL,
SSM-005-VR2W-109420-2,2012-04-14T18:52:00Z,46.50349,-84.3387,VR2W,SMRSL_SSM-005,SMRSL,SMRSL,
SSM-005-VR2W-109438-1,2010-04-16T15:45:00Z,46.503415,-84.33871,VR2W,SMRSL_SSM-005,SMRSL,SMRSL,2011-11-09T16:20:00Z
SSM-006-VR2W-109123-1,2010-04-16T14:56:00Z,46.50550994,-84.33994673,VR2W,SMRSL_SSM-006,SMRSL,SMRSL,2010-06-24T14:21:00Z
SSM-006-VR2W-109123-2,2010-06-24T14:35:00Z,46.50550169,-84.33990842,VR2W,SMRSL_SSM-006,SMRSL,SMRSL,2010-07-31T18:19:00Z
SSM-006-VR2W-109434-4,2012-04-15T18:50:00Z,46.50555,-84.33992,VR2W,SMRSL_SSM-006,SMRSL,SMRSL,
SSM-006-VR2W-109880-3,2011-05-11T13:05:00Z,46.50553217,-84.33994739,VR2W,SMRSL_SSM-006,SMRSL,SMRSL,2011-08-04T15:22:00Z
SSM-008-VR2W-109454-1,2010-04-15T19:50:00Z,46.506133,-84.342544,VR2W,SMRSL_SSM-008,SMRSL,SMRSL,2010-07-31T18:33:00Z
SSM-008-VR2W-109878-2,2011-05-11T13:49:00Z,46.50619282,-84.34208685,VR2W,SMRSL_SSM-008,SMRSL,SMRSL,2011-08-04T14:58:00Z
SSM-008-VR2W-113221-3,2012-04-15T18:40:00Z,46.50608,-84.34217,VR2W,SMRSL_SSM-008,SMRSL,SMRSL,
SSM-009-VR2W-109452-1,2010-04-15T19:38:00Z,46.50598,-84.345069,VR2W,SMRSL_SSM-009,SMRSL,SMRSL,2010-07-31T18:48:00Z
SSM-009-VR2W-109468-3,2012-04-15T18:32:00Z,46.50589,-84.34477,VR2W,SMRSL_SSM-009,SMRSL,SMRSL,
SSM-009-VR2W-109957-2,2011-05-11T16:30:00Z,46.50588118,-84.34470049,VR2W,SMRSL_SSM-009,SMRSL,SMRSL,2011-08-04T15:15:00Z
SSM-010-VR2W-109124-1,2010-04-15T19:27:00Z,46.507154,-84.343611,VR2W,SMRSL_SSM-010,SMRSL,SMRSL,2010-06-24T13:56:00Z
SSM-010-VR2W-109124-2,2010-06-24T14:09:00Z,46.507199,-84.343578,VR2W,SMRSL_SSM-010,SMRSL,SMRSL,2010-07-31T19:04:00Z
SSM-010-VR2W-109443-4,2012-04-15T19:02:00Z,46.50694,-84.34364,VR2W,SMRSL_SSM-010,SMRSL,SMRSL,
SSM-010-VR2W-110007-3,2011-05-11T16:44:00Z,46.50695149,-84.3437709,VR2W,SMRSL_SSM-010,SMRSL,SMRSL,2011-08-04T15:05:00Z
SSM-011-VR2W-109127-1,2010-04-15T18:50:00Z,46.507666,-84.341735,VR2W,SMRSL_SSM-011,SMRSL,SMRSL,2010-08-01T14:48:00Z
SSM-011-VR2W-109420-2,2011-05-02T18:48:00Z,46.50780213,-84.34188634,VR2W,SMRSL_SSM-011,SMRSL,SMRSL,2011-08-04T13:55:00Z
SSM-011-VR2W-110014-3,2012-04-15T18:26:00Z,46.50791,-84.34122,VR2W,SMRSL_SSM-011,SMRSL,SMRSL,
SSM-012-VR2W-109451-1,2010-04-15T19:15:00Z,46.50819,-84.345161,VR2W,SMRSL_SSM-012,SMRSL,SMRSL,2010-08-01T15:02:00Z
SSM-012-VR2W-109514-2,2011-05-02T18:38:00Z,46.50816184,-84.34528367,VR2W,SMRSL_SSM-012,SMRSL,SMRSL,2011-08-04T13:36:00Z
SSM-012-VR2W-109888-3,2012-04-15T18:19:00Z,46.50817,-84.34319,VR2W,SMRSL_SSM-012,SMRSL,SMRSL,
SSM-013-VR2W-106323-1,2010-04-15T19:01:00Z,46.50848,-84.343194,VR2W,SMRSL_SSM-013,SMRSL,SMRSL,2010-08-01T15:16:00Z
SSM-013-VR2W-109911-2,2011-05-02T18:28:00Z,46.50850586,-84.34319783,VR2W,SMRSL_SSM-013,SMRSL,SMRSL,2011-08-04T13:30:00Z
SSM-014-VR2W-109446-1,2010-04-15T18:30:00Z,46.50967,-84.339366,VR2W,SMRSL_SSM-014,SMRSL,SMRSL,2010-08-01T16:38:00Z
SSM-014-VR2W-109945-2,2011-05-02T18:00:00Z,46.5096518,-84.33930334,VR2W,SMRSL_SSM-014,SMRSL,SMRSL,2011-08-04T13:05:00Z
SSM-014-VR2W-113217-3,2012-04-15T17:33:00Z,46.5101,-84.33938,VR2W,SMRSL_SSM-014,SMRSL,SMRSL,
SSM-015-VR2W-109121-1,2010-04-15T16:02:00Z,46.51122066,-84.34268851,VR2W,SMRSL_SSM-015,SMRSL,SMRSL,2010-04-15T21:29:00Z
SSM-015-VR2W-109121-2,2010-04-15T21:34:00Z,46.51113549,-84.34271371,VR2W,SMRSL_SSM-015,SMRSL,SMRSL,2010-06-24T12:50:00Z
SSM-015-VR2W-109121-3,2010-06-24T13:14:00Z,46.51118761,-84.3428056,VR2W,SMRSL_SSM-015,SMRSL,SMRSL,2010-08-01T17:55:00Z
SSM-015-VR2W-109907-5,2012-04-14T19:08:00Z,46.51121,-84.34288,VR2W,SMRSL_SSM-015,SMRSL,SMRSL,
SSM-015-VR2W-109990-4,2011-05-02T17:37:00Z,46.5111458,-84.34283017,VR2W,SMRSL_SSM-015,SMRSL,SMRSL,2011-08-04T12:35:00Z
SSM-016-VR2W-109126-1,2010-04-15T20:50:00Z,46.511576,-84.340439,VR2W,SMRSL_SSM-016,SMRSL,SMRSL,2010-08-01T17:14:00Z
SSM-016-VR2W-109476-3,2012-04-15T17:14:00Z,46.51154,-84.34049,VR2W,SMRSL_SSM-016,SMRSL,SMRSL,
SSM-016-VR2W-109921-2,2011-05-02T17:43:00Z,46.51162999,-84.34045698,VR2W,SMRSL_SSM-016,SMRSL,SMRSL,2011-08-04T12:15:00Z
SSM-017-VR2W-109453-1,2010-04-16T14:29:00Z,46.512293,-84.341734,VR2W,SMRSL_SSM-017,SMRSL,SMRSL,2011-08-08T12:05:00Z
SSM-018-VR2W-106326-4,2011-05-02T16:33:00Z,46.51284879,-84.34410382,VR2W,SMRSL_SSM-018,SMRSL,SMRSL,2011-08-04T12:26:00Z
SSM-018-VR2W-109125-1,2010-04-15T15:12:00Z,46.51289641,-84.34417644,VR2W,SMRSL_SSM-018,SMRSL,SMRSL,2010-04-15T21:13:00Z
SSM-018-VR2W-109125-2,2010-04-15T21:23:00Z,46.51280789,-84.34414127,VR2W,SMRSL_SSM-018,SMRSL,SMRSL,2010-06-24T12:08:00Z
SSM-018-VR2W-109125-3,2010-06-24T12:31:00Z,46.51285448,-84.34417752,VR2W,SMRSL_SSM-018,SMRSL,SMRSL,2010-08-01T18:35:00Z
SSM-018-VR2W-109447-5,2012-04-14T19:15:00Z,46.51291,-84.3442,VR2W,SMRSL_SSM-018,SMRSL,SMRSL,
SSM-019-VR2W-106324-1,2010-04-15T15:33:00Z,46.51330274,-84.34188573,VR2W,SMRSL_SSM-019,SMRSL,SMRSL,2010-04-15T20:59:00Z
SSM-019-VR2W-106324-2,2010-04-15T21:06:00Z,46.51311966,-84.34196094,VR2W,SMRSL_SSM-019,SMRSL,SMRSL,2010-08-01T18:18:00Z
SSM-019-VR2W-109459-4,2012-04-15T17:05:00Z,46.51309,-84.34179,VR2W,SMRSL_SSM-019,SMRSL,SMRSL,
SSM-019-VR2W-109883-3,2011-05-02T17:19:00Z,46.51307474,-84.34193134,VR2W,SMRSL_SSM-019,SMRSL,SMRSL,2011-08-04T12:08:00Z
SSM-020-VR2W-109460-1,2010-04-15T18:38:00Z,46.5095464,-84.34272617,VR2W,SMRSL_SSM-020,SMRSL,SMRSL,2010-06-24T13:17:00Z
SSM-020-VR2W-109460-2,2010-06-24T13:39:00Z,46.5095407,-84.34269554,VR2W,SMRSL_SSM-020,SMRSL,SMRSL,2010-08-01T16:15:00Z
SSM-020-VR2W-109942-3,2011-05-02T18:13:00Z,46.50953875,-84.34276119,VR2W,SMRSL_SSM-020,SMRSL,SMRSL,2011-08-04T13:15:00Z
SSM-020-VR2W-110004-4,2012-04-15T17:54:00Z,46.5088,-84.34215,VR2W,SMRSL_SSM-020,SMRSL,SMRSL,
SSM-021-VR2W-109901-1,2011-05-02T18:57:00Z,46.50730191,-84.33947752,VR2W,SMRSL_SSM-021,SMRSL,SMRSL,2011-11-09T18:40:00Z
SSM-021-VR2W-109978-2,2012-04-15T19:19:00Z,46.50722,-84.33947,VR2W,SMRSL_SSM-021,SMRSL,SMRSL,
SSM-022-VR2W-109942-1,2012-04-15T18:00:00Z,46.5087,-84.33981,VR2W,SMRSL_SSM-022,SMRSL,SMRSL,
SSM-023-VR2W-109438-1,2012-04-15T18:10:00Z,46.50845,-84.33772,VR2W,SMRSL_SSM-023,SMRSL,SMRSL,
SSM-024-VR2W-109479-1,2012-04-15T19:28:00Z,46.50679,-84.33798,VR2W,SMRSL_SSM-024,SMRSL,SMRSL,
STR-001-VR2W-109433-1,2010-04-18T19:39:00Z,46.31755789,-84.12004298,VR2W,SMRSL_STR-001,SMRSL,SMRSL,2010-07-29T15:29:00Z
STR-001-VR2W-109936-3,2012-04-13T19:28:00Z,46.31736,-84.11907,VR2W,SMRSL_STR-001,SMRSL,SMRSL,
STR-001-VR2W-113217-2,2011-04-25T21:21:00Z,46.31732562,-84.11904881,VR2W,SMRSL_STR-001,SMRSL,SMRSL,2011-08-06T18:09:00Z
STR-002-VR2W-109431-1,2010-04-18T19:13:00Z,46.31846594,-84.11163533,VR2W,SMRSL_STR-002,SMRSL,SMRSL,2010-07-29T15:11:00Z
STR-002-VR2W-109457-3,2012-04-13T19:20:00Z,46.31878,-84.11188,VR2W,SMRSL_STR-002,SMRSL,SMRSL,
STR-002-VR2W-109875-2,2011-04-25T21:29:00Z,46.3187486,-84.11187943,VR2W,SMRSL_STR-002,SMRSL,SMRSL,2011-08-06T18:13:00Z
SUP-001-VR2AR-548766-2024_04_30T16,2024-04-30T16:53:00Z,45.31878,-80.12857,VR2AR,V2LPSAP_SUP-001,V2LPSAP,V2LPSAP,2025-04-30T09:00:00Z
SUP-001-VR2AR-548766-2025_04_30T09,2025-04-30T09:39:00Z,45.31878,-80.12862,VR2AR,V2LPSAP_SUP-001,V2LPSAP,V2LPSAP,
SUP-002-VR2AR-548676-2024_04_30T16,2024-04-30T16:30:00Z,45.31852,-80.12335,VR2AR,V2LPSAP_SUP-002,V2LPSAP,V2LPSAP,2025-04-30T09:48:00Z
SUP-002-VR2AR-548676-2025_04_30T10,2025-04-30T10:13:00Z,45.31852,-80.12335,VR2AR,V2LPSAP_SUP-002,V2LPSAP,V2LPSAP,
SUP-003-VR2AR-548735-2024_04_30T16,2024-04-30T16:45:00Z,45.31848,-80.1184,VR2AR,V2LPSAP_SUP-003,V2LPSAP,V2LPSAP,2025-04-30T10:15:00Z
SUP-003-VR2AR-548735-2025_04_30T10,2025-04-30T10:47:00Z,45.31845,-80.11838,VR2AR,V2LPSAP_SUP-003,V2LPSAP,V2LPSAP,
SUP-004-VR2AR-552291-2024_04_30T16,2024-04-30T16:40:00Z,45.319,-80.11343,VR2AR,V2LPSAP_SUP-004,V2LPSAP,V2LPSAP,2025-04-30T10:54:00Z
SUP-004-VR2AR-552291-2025_04_30T11,2025-04-30T11:30:00Z,45.31898,-80.11338,VR2AR,V2LPSAP_SUP-004,V2LPSAP,V2LPSAP,
SUP-005-VR2AR-548627-2024_04_30T16,2024-04-30T16:36:00Z,45.31867,-80.10805,VR2AR,V2LPSAP_SUP-005,V2LPSAP,V2LPSAP,2025-04-30T11:42:00Z
SUP-005-VR2AR-548627-2025_04_30T12,2025-04-30T12:03:00Z,45.31866,-80.10808,VR2AR,V2LPSAP_SUP-005,V2LPSAP,V2LPSAP,
SUP-006-VR2AR-548761-2024_04_30T13,2024-04-30T13:20:00Z,45.32251,-80.10319,VR2AR,V2LPSAP_SUP-006,V2LPSAP,V2LPSAP,2024-07-26T13:20:00Z
SUP-006-VR2AR-548761-2024_07_26T13,2024-07-26T13:29:00Z,45.31887,-80.10418,VR2AR,V2LPSAP_SUP-006,V2LPSAP,V2LPSAP,2025-04-30T12:14:00Z
SUP-006-VR2AR-548761-2025_04_30T12,2025-04-30T12:30:00Z,45.31886,-80.10418,VR2AR,V2LPSAP_SUP-006,V2LPSAP,V2LPSAP,
SUP-007-VR2AR-547608-2024_04_30T16,2024-04-30T16:28:00Z,45.3224,-80.10297,VR2AR,V2LPSAP_SUP-007,V2LPSAP,V2LPSAP,2025-05-01T08:34:00Z
SUP-007-VR2AR-547608-2025_05_01T12,2025-05-01T12:19:00Z,45.32238,-80.103,VR2AR,V2LPSAP_SUP-007,V2LPSAP,V2LPSAP,
SUP-008-RBR-201655-2024_04_30T16,2024-04-30T16:23:00Z,45.32213,-80.10815,RBR,V2LPSAP_SUP-008,V2LPSAP,V2LPSAP,2025-05-01T13:32:00Z
SUP-008-RBR-201655-2025_05_01T17,2025-05-01T17:28:00Z,45.32233,-80.10828,RBR,V2LPSAP_SUP-008,V2LPSAP,V2LPSAP,
SUP-008-VR2AR-554593-2024_04_30T13,2024-04-30T13:15:00Z,45.32216,-80.10807,VR2AR,V2LPSAP_SUP-008,V2LPSAP,V2LPSAP,2025-05-01T13:32:00Z
SUP-008-VR2AR-554593-2025_05_01T14,2025-05-01T14:00:00Z,45.32213,-80.10808,VR2AR,V2LPSAP_SUP-008,V2LPSAP,V2LPSAP,
SUP-009-VR2AR-554587-2024_04_30T13,2024-04-30T13:08:00Z,45.3221,-80.11321,VR2AR,V2LPSAP_SUP-009,V2LPSAP,V2LPSAP,2025-04-30T13:23:00Z
SUP-009-VR2AR-554587-2025_04_30T13,2025-04-30T13:40:00Z,45.32208,-80.1132,VR2AR,V2LPSAP_SUP-009,V2LPSAP,V2LPSAP,
SUP-010-VR2AR-554457-2024_04_30T13,2024-04-30T13:01:00Z,45.3222,-80.11835,VR2AR,V2LPSAP_SUP-010,V2LPSAP,V2LPSAP,2025-04-30T13:52:00Z
SUP-010-VR2AR-554457-2025_04_30T14,2025-04-30T14:15:00Z,45.32218,-80.11831,VR2AR,V2LPSAP_SUP-010,V2LPSAP,V2LPSAP,
SUP-011-VR2AR-554453-2024_04_30T12,2024-04-30T12:57:00Z,45.3221,-80.12345,VR2AR,V2LPSAP_SUP-011,V2LPSAP,V2LPSAP,2025-04-30T14:25:00Z
SUP-011-VR2AR-554453-2025_04_30T14,2025-04-30T14:42:00Z,45.3221,-80.12345,VR2AR,V2LPSAP_SUP-011,V2LPSAP,V2LPSAP,
SUP-012-VR2AR-552285-2024_04_30T12,2024-04-30T12:53:00Z,45.32211,-80.12855,VR2AR,V2LPSAP_SUP-012,V2LPSAP,V2LPSAP,2025-04-30T14:49:00Z
SUP-012-VR2AR-552285-2025_04_30T15,2025-04-30T15:10:00Z,45.32211,-80.12855,VR2AR,V2LPSAP_SUP-012,V2LPSAP,V2LPSAP,
SUP-013-VR2AR-554574-2024_04_30T12,2024-04-30T12:50:00Z,45.32571,-80.1286,VR2AR,V2LPSAP_SUP-013,V2LPSAP,V2LPSAP,2025-04-30T15:27:00Z
SUP-013-VR2AR-554574-2025_04_30T15,2025-04-30T15:43:00Z,45.32571,-80.1286,VR2AR,V2LPSAP_SUP-013,V2LPSAP,V2LPSAP,
SUP-014-VR2AR-548721-2024_04_30T12,2024-04-30T12:46:00Z,45.32569,-80.12346,VR2AR,V2LPSAP_SUP-014,V2LPSAP,V2LPSAP,2024-11-20T15:46:00Z
SUP-014-VR2AR-548721-2024_11_20T16,2024-11-20T16:01:00Z,45.32572,-80.1238,VR2AR,V2LPSAP_SUP-014,V2LPSAP,V2LPSAP,2025-04-30T15:50:00Z
SUP-014-VR2AR-548721-2025_04_30T16,2025-04-30T16:03:00Z,45.32571,-80.1238,VR2AR,V2LPSAP_SUP-014,V2LPSAP,V2LPSAP,
SUP-015-VR2AR-548670-2024_04_30T12,2024-04-30T12:40:00Z,45.32571,-80.1184,VR2AR,V2LPSAP_SUP-015,V2LPSAP,V2LPSAP,2025-05-01T13:55:00Z
SUP-015-VR2AR-548670-2025_05_01T14,2025-05-01T14:19:00Z,45.32571,-80.1184,VR2AR,V2LPSAP_SUP-015,V2LPSAP,V2LPSAP,
SUP-016-VR2AR-554571-2024_04_30T12,2024-04-30T12:34:00Z,45.32574,-80.11319,VR2AR,V2LPSAP_SUP-016,V2LPSAP,V2LPSAP,2024-11-19T15:40:00Z
SUP-016-VR2AR-554571-2024_11_19T16,2024-11-19T16:13:00Z,45.32598,-80.11328,VR2AR,V2LPSAP_SUP-016,V2LPSAP,V2LPSAP,2025-04-30T16:15:00Z
SUP-016-VR2AR-554571-2025_04_30T16,2025-04-30T16:25:00Z,45.32598,-80.11328,VR2AR,V2LPSAP_SUP-016,V2LPSAP,V2LPSAP,
SUP-017-VR2AR-551491-2025_05_01T14,2025-05-01T14:50:00Z,45.3256,-80.10833,VR2AR,V2LPSAP_SUP-017,V2LPSAP,V2LPSAP,
SUP-017-VR2AR-554475-2024_04_30T12,2024-04-30T12:29:00Z,45.3257,-80.1082,VR2AR,V2LPSAP_SUP-017,V2LPSAP,V2LPSAP,2024-11-19T16:05:00Z
SUP-017-VR2AR-554475-2024_11_19T16,2024-11-19T16:21:00Z,45.32565,-80.10836,VR2AR,V2LPSAP_SUP-017,V2LPSAP,V2LPSAP,2025-05-01T14:53:00Z
SUP-018-VR2AR-548778-2024_04_30T12,2024-04-30T12:25:00Z,45.32565,-80.10299,VR2AR,V2LPSAP_SUP-018,V2LPSAP,V2LPSAP,2025-04-30T16:39:00Z
SUP-018-VR2AR-548778-2025_04_30T17,2025-04-30T17:05:00Z,45.32565,-80.103,VR2AR,V2LPSAP_SUP-018,V2LPSAP,V2LPSAP,
SUP-019-VR2AR-547609-2024_04_30T12,2024-04-30T12:20:00Z,45.32599,-80.09923,VR2AR,V2LPSAP_SUP-019,V2LPSAP,V2LPSAP,2025-04-30T17:15:00Z
SUP-019-VR2AR-547609-2025_04_30T17,2025-04-30T17:28:00Z,45.32598,-80.09925,VR2AR,V2LPSAP_SUP-019,V2LPSAP,V2LPSAP,
SUP-020-VR2AR-554577-2024_04_30T13,2024-04-30T13:25:00Z,45.32928,-80.10307,VR2AR,V2LPSAP_SUP-020,V2LPSAP,V2LPSAP,2025-05-03T09:37:00Z
SUP-020-VR2AR-554577-2025_05_03T09,2025-05-03T09:59:00Z,45.32925,-80.10308,VR2AR,V2LPSAP_SUP-020,V2LPSAP,V2LPSAP,
SUP-021-VR2AR-547585-2024_04_30T16,2024-04-30T16:16:00Z,45.32928,-80.10807,VR2AR,V2LPSAP_SUP-021,V2LPSAP,V2LPSAP,2025-05-03T10:03:00Z
SUP-021-VR2AR-547585-2025_05_03T10,2025-05-03T10:21:00Z,45.32925,-80.1081,VR2AR,V2LPSAP_SUP-021,V2LPSAP,V2LPSAP,
SUP-022-VR2AR-546683-2025_05_03T11,2025-05-03T11:28:00Z,45.32926,-80.11328,VR2AR,V2LPSAP_SUP-022,V2LPSAP,V2LPSAP,
SUP-022-VR2AR-548683-2024_04_30T16,2024-04-30T16:12:00Z,45.32927,-80.1131,VR2AR,V2LPSAP_SUP-022,V2LPSAP,V2LPSAP,2024-11-21T11:25:00Z
SUP-022-VR2AR-548683-2024_11_21T11,2024-11-21T11:38:00Z,45.32925,-80.11322,VR2AR,V2LPSAP_SUP-022,V2LPSAP,V2LPSAP,2025-05-03T10:27:00Z
SUP-023-VR2AR-552298-2024_04_30T16,2024-04-30T16:08:00Z,45.32928,-80.11833,VR2AR,V2LPSAP_SUP-023,V2LPSAP,V2LPSAP,2024-11-21T11:57:00Z
SUP-023-VR2AR-552298-2024_11_21T12,2024-11-21T12:10:00Z,45.32933,-80.11816,VR2AR,V2LPSAP_SUP-023,V2LPSAP,V2LPSAP,2025-05-01T17:04:00Z
SUP-023-VR2AR-552298-2025_05_01T17,2025-05-01T17:21:00Z,45.32933,-80.11826,VR2AR,V2LPSAP_SUP-023,V2LPSAP,V2LPSAP,
SUP-024-VR2AR-548680-2024_04_30T00,2024-04-30T00:00:00Z,45.32925,-80.1234,VR2AR,V2LPSAP_SUP-024,V2LPSAP,V2LPSAP,2025-05-01T16:24:00Z
SUP-024-VR2AR-548680-2025_05_01T16,2025-05-01T16:52:00Z,45.32925,-80.1234,VR2AR,V2LPSAP_SUP-024,V2LPSAP,V2LPSAP,
TSR_010-VR2W-120180-2017_03_09T11,2017-03-09T11:51:00Z,41.63553,-83.00974,VR2W,V2LGLFC_TSR_010,V2LGLFC,V2LGLFC,2017-06-01T14:20:00Z
URC-001-VR2W-109424-1,2010-04-18T15:11:00Z,46.285281,-84.211129,VR2W,SMRSL_URC-001,SMRSL,SMRSL,2010-08-04T19:35:00Z
URC-002-VR2W-109434-1,2010-04-18T15:25:00Z,46.28547,-84.210693,VR2W,SMRSL_URC-002,SMRSL,SMRSL,2011-11-08T15:56:00Z
URC-003-VR2W-109423-1,2010-04-18T15:31:00Z,46.286049,-84.210776,VR2W,SMRSL_URC-003,SMRSL,SMRSL,2010-08-03T20:00:00Z
URC-004-VR2W-109432-1,2010-04-18T15:52:00Z,46.286104,-84.211391,VR2W,SMRSL_URC-004,SMRSL,SMRSL,2010-08-03T19:42:00Z
URC-004-VR2W-109505-3,2012-04-17T17:38:00Z,46.28645,-84.21152,VR2W,SMRSL_URC-004,SMRSL,SMRSL,
URC-004-VR2W-113210-2,2011-04-25T18:38:00Z,46.28639989,-84.21156894,VR2W,SMRSL_URC-004,SMRSL,SMRSL,2011-08-05T12:38:00Z
URC-005-VR2W-109447-1,2010-04-19T18:31:00Z,46.285937,-84.213667,VR2W,SMRSL_URC-005,SMRSL,SMRSL,2010-08-03T18:55:00Z
V2LGLFC-WBI_002-VR2W-112409-1,2013-07-22T10:09:00Z,41.9321,-82.53191667,VR2W,V2LGLFC_WBI_002,V2LGLFC,V2LGLFC,2014-06-30T09:10:00Z
V2LGLFC-WBI_003-VR2W-112330-2,2014-06-30T11:27:00Z,41.92461667,-82.53976667,VR2W,V2LGLFC_WBI_003,V2LGLFC,V2LGLFC,2015-06-29T10:07:00Z
V2LGLFC-WBI_003-VR2W-119777-1,2013-07-22T10:19:00Z,41.92486667,-82.53916667,VR2W,V2LGLFC_WBI_003,V2LGLFC,V2LGLFC,2014-06-30T09:15:00Z
V2LGLFC-WBI_004-VR2W-112395-2,2014-06-30T11:33:00Z,41.918,-82.54671667,VR2W,V2LGLFC_WBI_004,V2LGLFC,V2LGLFC,2015-06-29T10:11:00Z
V2LGLFC-WBI_004-VR2W-112446-1,2013-07-22T10:25:00Z,41.9177,-82.54708333,VR2W,V2LGLFC_WBI_004,V2LGLFC,V2LGLFC,2014-06-30T09:25:00Z
V2LGLFC-WBI_005-VR2W-110560-1,2013-07-22T10:31:00Z,41.91031667,-82.55485,VR2W,V2LGLFC_WBI_005,V2LGLFC,V2LGLFC,2014-06-30T09:30:00Z
V2LGLFC-WBI_005-VR2W-110591-2,2014-06-30T11:41:00Z,41.91043333,-82.55501667,VR2W,V2LGLFC_WBI_005,V2LGLFC,V2LGLFC,2015-06-29T10:17:00Z
V2LGLFC-WBI_006-VR2W-110580-1,2013-07-22T10:37:00Z,41.90343333,-82.56271667,VR2W,V2LGLFC_WBI_006,V2LGLFC,V2LGLFC,2014-06-30T09:45:00Z
V2LGLFC-WBI_006-VR2W-112407-2,2014-06-30T11:51:00Z,41.90338333,-82.56246667,VR2W,V2LGLFC_WBI_006,V2LGLFC,V2LGLFC,2015-06-29T10:25:00Z
V2LGLFC-WBI_007-VR2W-110585-1,2013-07-22T10:43:00Z,41.89611667,-82.56963333,VR2W,V2LGLFC_WBI_007,V2LGLFC,V2LGLFC,2014-06-30T09:45:00Z
V2LGLFC-WBI_007-VR2W-120180-2,2014-06-30T11:58:00Z,41.89665,-82.56955,VR2W,V2LGLFC_WBI_007,V2LGLFC,V2LGLFC,2015-06-29T10:30:00Z
V2LGLFC-WBI_008-VR2W-109141-1,2013-07-22T10:51:00Z,41.88925,-82.57735,VR2W,V2LGLFC_WBI_008,V2LGLFC,V2LGLFC,2014-06-30T09:50:00Z
V2LGLFC-WBI_008-VR2W-119154-2,2014-06-30T12:05:00Z,41.88943333,-82.57855,VR2W,V2LGLFC_WBI_008,V2LGLFC,V2LGLFC,2015-06-29T10:36:00Z
V2LGLFC-WBI_009-VR2W-112341-1,2013-07-22T10:56:00Z,41.88166667,-82.58536667,VR2W,V2LGLFC_WBI_009,V2LGLFC,V2LGLFC,2014-06-30T10:00:00Z
V2LGLFC-WBI_009-VR2W-119155-2,2014-06-30T12:10:00Z,41.88253333,-82.58518333,VR2W,V2LGLFC_WBI_009,V2LGLFC,V2LGLFC,2015-06-29T10:41:00Z
V2LGLFC-WBI_010-VR2W-110596-2,2014-06-30T12:17:00Z,41.87418333,-82.59326667,VR2W,V2LGLFC_WBI_010,V2LGLFC,V2LGLFC,2015-06-29T10:47:00Z
V2LGLFC-WBI_010-VR2W-119152-1,2013-07-22T11:02:00Z,41.8745,-82.59323333,VR2W,V2LGLFC_WBI_010,V2LGLFC,V2LGLFC,2014-06-30T10:10:00Z
V2LGLFC-WBI_011-VR2W-110559-2,2014-06-30T12:24:00Z,41.86746667,-82.60048333,VR2W,V2LGLFC_WBI_011,V2LGLFC,V2LGLFC,2015-06-29T10:51:00Z
V2LGLFC-WBI_011-VR2W-110589-1,2013-07-22T11:07:00Z,41.86725,-82.60068333,VR2W,V2LGLFC_WBI_011,V2LGLFC,V2LGLFC,2014-06-30T10:15:00Z
V2LGLFC-WBI_012-VR2W-112494-1,2013-07-22T11:13:00Z,41.85913333,-82.60905,VR2W,V2LGLFC_WBI_012,V2LGLFC,V2LGLFC,2014-06-30T10:20:00Z
V2LGLFC-WBI_013-VR2W-110593-1,2013-07-22T11:19:00Z,41.8511,-82.61808333,VR2W,V2LGLFC_WBI_013,V2LGLFC,V2LGLFC,2014-06-30T10:30:00Z
V2LGLFC-WBI_013-VR2W-113615-2,2014-06-30T12:39:00Z,41.85083333,-82.61816667,VR2W,V2LGLFC_WBI_013,V2LGLFC,V2LGLFC,2015-06-29T11:04:00Z
V2LGLFC-WBI_014-VR2W-119784-2,2014-06-30T12:47:00Z,41.84255,-82.62733333,VR2W,V2LGLFC_WBI_014,V2LGLFC,V2LGLFC,2015-11-24T12:00:00Z
V2LGLFC-WBI_014-VR2W-120179-1,2013-07-22T11:25:00Z,41.8428,-82.62691667,VR2W,V2LGLFC_WBI_014,V2LGLFC,V2LGLFC,2014-06-30T10:34:00Z
V2LGLFC-WBI_015-VR2W-119780-1,2013-07-22T11:33:00Z,41.838,-82.63631667,VR2W,V2LGLFC_WBI_015,V2LGLFC,V2LGLFC,2014-06-30T10:40:00Z
V2LGLFC-WBI_016-VR2W-110593-2,2014-07-03T09:04:00Z,41.73536667,-82.6849,VR2W,V2LGLFC_WBI_016,V2LGLFC,V2LGLFC,2015-06-05T09:20:00Z
V2LGLFC-WBI_016-VR2W-119148-1,2013-07-22T12:19:00Z,41.73498333,-82.68523333,VR2W,V2LGLFC_WBI_016,V2LGLFC,V2LGLFC,2014-07-01T12:34:00Z
V2LGLFC-WBI_017-VR2W-110561-1,2013-07-22T12:26:00Z,41.72873333,-82.69393333,VR2W,V2LGLFC_WBI_017,V2LGLFC,V2LGLFC,2014-07-01T12:30:00Z
V2LGLFC-WBI_017-VR2W-112405-2,2014-07-03T09:11:00Z,41.72891667,-82.69376667,VR2W,V2LGLFC_WBI_017,V2LGLFC,V2LGLFC,2015-06-05T09:27:00Z
V2LGLFC-WBI_018-VR2W-110578-2,2014-07-03T09:17:00Z,41.7222,-82.70113333,VR2W,V2LGLFC_WBI_018,V2LGLFC,V2LGLFC,2015-06-05T09:30:00Z
V2LGLFC-WBI_018-VR2W-110595-1,2013-07-22T12:31:00Z,41.72198333,-82.70141667,VR2W,V2LGLFC_WBI_018,V2LGLFC,V2LGLFC,2014-07-01T12:26:00Z
V2LGLFC-WBI_019-VR2W-110584-1,2013-07-22T12:36:00Z,41.71568333,-82.70978333,VR2W,V2LGLFC_WBI_019,V2LGLFC,V2LGLFC,2014-07-01T12:21:00Z
V2LGLFC-WBI_019-VR2W-112476-2,2014-07-03T09:23:00Z,41.71576667,-82.70945,VR2W,V2LGLFC_WBI_019,V2LGLFC,V2LGLFC,2015-06-05T09:35:00Z
V2LGLFC-WBI_020-VR2W-110595-2,2014-07-03T09:29:00Z,41.7063,-82.70953333,VR2W,V2LGLFC_WBI_020,V2LGLFC,V2LGLFC,2015-06-05T09:38:00Z
V2LGLFC-WBI_020-VR2W-112476-1,2013-07-22T12:41:00Z,41.70628333,-82.71,VR2W,V2LGLFC_WBI_020,V2LGLFC,V2LGLFC,2014-07-01T12:17:00Z
V2LGLFC-WBI_021-VR2W-112394-2,2014-07-03T09:35:00Z,41.69751667,-82.7109,VR2W,V2LGLFC_WBI_021,V2LGLFC,V2LGLFC,2015-06-05T09:40:00Z
V2LGLFC-WBI_021-VR2W-113055-1,2013-07-22T12:46:00Z,41.69743333,-82.7112,VR2W,V2LGLFC_WBI_021,V2LGLFC,V2LGLFC,2014-07-01T12:12:00Z
V2LGLFC-WBI_022-VR2W-106602-1,2013-07-22T12:52:00Z,41.68781667,-82.71205,VR2W,V2LGLFC_WBI_022,V2LGLFC,V2LGLFC,
V2LGLFC-WBI_022-VR2W-110584-2,2014-07-03T09:41:00Z,41.68771667,-82.71158333,VR2W,V2LGLFC_WBI_022,V2LGLFC,V2LGLFC,2014-08-07T10:28:00Z
V2LGLFC-WBI_023-VR2W-110561-2,2014-07-03T09:46:00Z,41.67888333,-82.71196667,VR2W,V2LGLFC_WBI_023,V2LGLFC,V2LGLFC,2015-06-05T10:00:00Z
V2LGLFC-WBI_023-VR2W-112413-1,2013-07-22T12:56:00Z,41.6787,-82.71245,VR2W,V2LGLFC_WBI_023,V2LGLFC,V2LGLFC,2014-07-01T11:53:00Z
V2LGLFC-WBI_024-VR2W-110583-1,2013-07-22T13:02:00Z,41.66923333,-82.71285,VR2W,V2LGLFC_WBI_024,V2LGLFC,V2LGLFC,2014-07-01T11:50:00Z
V2LGLFC-WBI_024-VR2W-112342-2,2014-07-03T09:52:00Z,41.66905,-82.71233333,VR2W,V2LGLFC_WBI_024,V2LGLFC,V2LGLFC,2015-06-05T10:05:00Z
V2LGLFC-WBI_025-VR2W-112394-1,2013-07-22T13:08:00Z,41.66016667,-82.71445,VR2W,V2LGLFC_WBI_025,V2LGLFC,V2LGLFC,2014-07-01T11:46:00Z
V2LGLFC-WBI_025-VR2W-112413-2,2014-07-03T09:57:00Z,41.66006667,-82.71386667,VR2W,V2LGLFC_WBI_025,V2LGLFC,V2LGLFC,2015-06-05T10:10:00Z
V2LGLFC-WBI_026-VR2W-113614-1,2013-07-22T13:14:00Z,41.65056667,-82.7139,VR2W,V2LGLFC_WBI_026,V2LGLFC,V2LGLFC,2014-07-01T11:43:00Z
V2LGLFC-WBI_027-VR2W-113055-2,2014-07-03T08:20:00Z,41.64167,-82.71465,VR2W,V2LGLFC_WBI_027,V2LGLFC,V2LGLFC,2014-08-07T11:30:00Z
V2LGLFC-WBI_027-VR2W-113616-1,2013-07-22T13:20:00Z,41.6417,-82.71473333,VR2W,V2LGLFC_WBI_027,V2LGLFC,V2LGLFC,
V2LGLFC-WBI_028-VR2W-110583-2,2014-07-03T08:26:00Z,41.63195,-82.71575,VR2W,V2LGLFC_WBI_028,V2LGLFC,V2LGLFC,2015-06-05T10:37:00Z
V2LGLFC-WBI_028-VR2W-112342-1,2013-07-22T13:25:00Z,41.63201667,-82.7158,VR2W,V2LGLFC_WBI_028,V2LGLFC,V2LGLFC,2014-07-01T11:13:00Z
V2LGLFC-WBI_029-VR2W-110558-1,2013-07-22T13:31:00Z,41.62316667,-82.71623333,VR2W,V2LGLFC_WBI_029,V2LGLFC,V2LGLFC,2014-07-01T11:10:00Z
V2LGLFC-WBI_029-VR2W-110558-2,2014-07-03T08:30:00Z,41.62331,-82.71616,VR2W,V2LGLFC_WBI_029,V2LGLFC,V2LGLFC,2015-06-05T10:43:00Z
V2LGLFC-WBI_030-VR2W-110167-2,2014-07-03T08:40:00Z,41.59855,-82.73833,VR2W,V2LGLFC_WBI_030,V2LGLFC,V2LGLFC,2015-06-05T10:52:00Z
V2LGLFC-WBI_030-VR2W-110578-1,2013-07-22T13:44:00Z,41.59861667,-82.7384,VR2W,V2LGLFC_WBI_030,V2LGLFC,V2LGLFC,2014-07-01T11:01:00Z
V2LGLFC-WBI_031-VR2W-112405-1,2013-07-22T13:51:00Z,41.58841667,-82.74211667,VR2W,V2LGLFC_WBI_031,V2LGLFC,V2LGLFC,2014-07-01T10:56:00Z
V2LGLFC-WBI_031-VR2W-113058-2,2014-07-03T08:45:00Z,41.58833,-82.7421,VR2W,V2LGLFC_WBI_031,V2LGLFC,V2LGLFC,2015-06-05T10:56:00Z
V2LGLFC-WBI_032-VR2W-112400-2,2014-07-03T08:50:00Z,41.5791,-82.74447,VR2W,V2LGLFC_WBI_032,V2LGLFC,V2LGLFC,2015-06-10T00:00:00Z
V2LGLFC-WBI_032-VR2W-113058-1,2013-07-22T13:55:00Z,41.57911667,-82.7445,VR2W,V2LGLFC_WBI_032,V2LGLFC,V2LGLFC,2014-07-01T10:53:00Z
V2LGLFC-WBI_033-VR2W-110167-1,2013-07-22T14:01:00Z,41.56921667,-82.74763333,VR2W,V2LGLFC_WBI_033,V2LGLFC,V2LGLFC,2014-07-01T10:42:00Z
V2LGLFC-WBI_034-VR2W-112400-1,2013-07-22T14:07:00Z,41.55926667,-82.75061667,VR2W,V2LGLFC_WBI_034,V2LGLFC,V2LGLFC,2014-07-01T10:37:00Z
V2LGLFC-WBI_034-VR2W-119148-2,2014-07-03T09:00:00Z,41.55929,-82.75059,VR2W,V2LGLFC_WBI_034,V2LGLFC,V2LGLFC,2015-06-05T11:16:00Z
V2LGLFC-WBI_035-VR2W-113614-2,2014-07-03T09:03:00Z,41.55013,-82.75375,VR2W,V2LGLFC_WBI_035,V2LGLFC,V2LGLFC,
V2LGLFC-WBI_035-VR2W-119783-1,2013-07-22T14:14:00Z,41.55008333,-82.75373333,VR2W,V2LGLFC_WBI_035,V2LGLFC,V2LGLFC,2014-07-01T10:32:00Z
V2LGLFC-WBO_017-VR2W-110593-1,2014-07-01T11:27:00Z,41.71018333,-82.66118333,VR2W,V2LGLFC_WBO_017,V2LGLFC,V2LGLFC,2014-07-03T08:47:00Z
V2LGLFC-WBO_018-VR2W-112407-1,2013-09-12T11:37:00Z,41.70367,-82.6631,VR2W,V2LGLFC_WBO_018,V2LGLFC,V2LGLFC,2014-06-27T06:20:00Z
V2LGLFC-WBO_018-VR2W-120179-2,2014-07-01T11:36:00Z,41.70391667,-82.66343333,VR2W,V2LGLFC_WBO_018,V2LGLFC,V2LGLFC,2015-06-25T08:00:00Z
V2LGLFC-WBO_019-VR2W-110585-1,2014-07-01T11:45:00Z,41.69443333,-82.66456667,VR2W,V2LGLFC_WBO_019,V2LGLFC,V2LGLFC,2015-06-25T08:10:00Z
V2LGLFC-WBO_020-VR2W-110580-1,2014-07-01T11:55:00Z,41.68411667,-82.6642,VR2W,V2LGLFC_WBO_020,V2LGLFC,V2LGLFC,2015-06-25T08:15:00Z
V2LGLFC-WBO_021-VR2W-119780-1,2014-07-01T12:04:00Z,41.67541667,-82.66681667,VR2W,V2LGLFC_WBO_021,V2LGLFC,V2LGLFC,2015-06-25T08:20:00Z
V2LGLFC-WBO_022-VR2W-113615-1,2013-09-12T11:13:00Z,41.66545,-82.66785,VR2W,V2LGLFC_WBO_022,V2LGLFC,V2LGLFC,2014-06-27T06:53:00Z
V2LGLFC-WBO_022-VR2W-119152-2,2014-07-01T12:11:00Z,41.66523333,-82.6675,VR2W,V2LGLFC_WBO_022,V2LGLFC,V2LGLFC,2015-06-25T08:25:00Z
V2LGLFC-WBO_023-VR2W-110589-2,2014-07-01T12:18:00Z,41.65575,-82.66956667,VR2W,V2LGLFC_WBO_023,V2LGLFC,V2LGLFC,2015-06-25T08:29:00Z
V2LGLFC-WBO_023-VR2W-119154-1,2013-09-12T11:07:00Z,41.65577,-82.66853,VR2W,V2LGLFC_WBO_023,V2LGLFC,V2LGLFC,2014-06-27T06:59:00Z
V2LGLFC-WBO_024-VR2W-112494-2,2014-07-01T12:28:00Z,41.64641667,-82.67031667,VR2W,V2LGLFC_WBO_024,V2LGLFC,V2LGLFC,2015-06-25T08:35:00Z
V2LGLFC-WBO_024-VR2W-119784-1,2013-09-12T11:01:00Z,41.64633,-82.67022,VR2W,V2LGLFC_WBO_024,V2LGLFC,V2LGLFC,2014-06-27T07:05:00Z
V2LGLFC-WBO_025-VR2W-110560-2,2014-07-01T12:38:00Z,41.63698333,-82.67093333,VR2W,V2LGLFC_WBO_025,V2LGLFC,V2LGLFC,2015-09-22T00:00:00Z
V2LGLFC-WBO_025-VR2W-112330-1,2013-09-12T10:55:00Z,41.63682,-82.67112,VR2W,V2LGLFC_WBO_025,V2LGLFC,V2LGLFC,2014-06-27T07:10:00Z
V2LGLFC-WBO_026-VR2W-112409-2,2014-07-01T12:46:00Z,41.62738333,-82.67281667,VR2W,V2LGLFC_WBO_026,V2LGLFC,V2LGLFC,
V2LGLFC-WBO_026-VR2W-120180-1,2013-09-12T10:49:00Z,41.62735,-82.67248,VR2W,V2LGLFC_WBO_026,V2LGLFC,V2LGLFC,2014-06-27T07:15:00Z
V2LGLFC-WBO_027-VR2W-119155-1,2013-09-12T10:24:00Z,41.58187,-82.69505,VR2W,V2LGLFC_WBO_027,V2LGLFC,V2LGLFC,2014-06-27T07:31:00Z
V2LGLFC-WBO_028-VR2W-110591-1,2013-09-12T10:49:00Z,41.57225,-82.69947,VR2W,V2LGLFC_WBO_028,V2LGLFC,V2LGLFC,2014-06-27T07:36:00Z
V2LGLFC-WBO_029-VR2W-109141-2,2014-07-01T13:29:00Z,41.56276667,-82.7046,VR2W,V2LGLFC_WBO_029,V2LGLFC,V2LGLFC,2015-06-25T09:35:00Z
V2LGLFC-WBO_029-VR2W-110596-1,2013-09-12T10:13:00Z,41.56273,-82.70437,VR2W,V2LGLFC_WBO_029,V2LGLFC,V2LGLFC,2014-06-27T07:40:00Z
V2LGLFC-WBO_030-VR2W-112395-1,2013-09-12T10:08:00Z,41.55322,-82.70947,VR2W,V2LGLFC_WBO_030,V2LGLFC,V2LGLFC,2014-06-27T07:44:00Z
V2LGLFC-WBO_030-VR2W-119777-2,2014-07-01T13:40:00Z,41.5534,-82.70941667,VR2W,V2LGLFC_WBO_030,V2LGLFC,V2LGLFC,2015-06-25T09:40:00Z
V2LGLFC-WBO_031-VR2W-110559-1,2013-09-12T10:02:00Z,41.54375,-82.71402,VR2W,V2LGLFC_WBO_031,V2LGLFC,V2LGLFC,2014-06-27T07:50:00Z
V2LGLFC-WBO_031-VR2W-119783-2,2014-07-03T09:12:00Z,41.54344,-82.71405,VR2W,V2LGLFC_WBO_031,V2LGLFC,V2LGLFC,2015-06-25T09:45:00Z
WBG_020-VR2W-110167-2018_08_06T12,2018-08-06T12:50:00Z,41.75846,-82.92594,VR2W,V2LGLFC_WBG_020,V2LGLFC,V2LGLFC,
WBG_021-VR2W-112446-2018_08_06T12,2018-08-06T12:15:00Z,41.76041,-82.80648,VR2W,V2LGLFC_WBG_021,V2LGLFC,V2LGLFC,
WBG_025-VR2W-112394-2018_08_06T13,2018-08-06T13:15:00Z,41.66826,-82.92602,VR2W,V2LGLFC_WBG_025,V2LGLFC,V2LGLFC,
WBG_026-VR2W-109141-2018_08_06T11,2018-08-06T11:35:00Z,41.67063,-82.80236,VR2W,V2LGLFC_WBG_026,V2LGLFC,V2LGLFC,
WBG_027-VR2W-113058-2018_08_06T10,2018-08-06T10:50:00Z,41.67319,-82.68512,VR2W,V2LGLFC_WBG_027,V2LGLFC,V2LGLFC,
WBG_028-VR2W-110589-2018_08_06T13,2018-08-06T13:40:00Z,41.57912,-82.92585,VR2W,V2LGLFC_WBG_028,V2LGLFC,V2LGLFC,
WBI_002-VR2W-112494-2015_06_29T10,2015-06-29T10:02:00Z,41.93217,-82.532,VR2W,V2LGLFC_WBI_002,V2LGLFC,V2LGLFC,2016-06-16T15:22:00Z
WBI_003-VR2W-110589-2015_06_29T10,2015-06-29T10:09:00Z,41.92489,-82.53922,VR2W,V2LGLFC_WBI_003,V2LGLFC,V2LGLFC,2016-06-16T15:25:00Z
WBI_004-VR2W-110561-2015_06_29T10,2015-06-29T10:13:00Z,41.91765,-82.54715,VR2W,V2LGLFC_WBI_004,V2LGLFC,V2LGLFC,2016-06-16T15:32:00Z
WBI_005-VR2W-112446-2015_06_29T10,2015-06-29T10:20:00Z,41.91026,-82.55472,VR2W,V2LGLFC_WBI_005,V2LGLFC,V2LGLFC,2016-06-16T15:35:00Z
WBI_006-VR2W-112341-2015_06_29T10,2015-06-29T10:28:00Z,41.90336,-82.56287,VR2W,V2LGLFC_WBI_006,V2LGLFC,V2LGLFC,2016-06-16T15:40:00Z
WBI_007-VR2W-119777-2015_06_29T10,2015-06-29T10:31:00Z,41.8961,-82.56967,VR2W,V2LGLFC_WBI_007,V2LGLFC,V2LGLFC,2016-06-16T15:44:00Z
WBI_008-VR2W-110580-2015_06_29T10,2015-06-29T10:38:00Z,41.88926,-82.57736,VR2W,V2LGLFC_WBI_008,V2LGLFC,V2LGLFC,2016-06-16T15:48:00Z
WBI_010-VR2W-120179-2015_06_29T10,2015-06-29T10:49:00Z,41.87454,-82.59342,VR2W,V2LGLFC_WBI_010,V2LGLFC,V2LGLFC,2016-06-16T15:56:00Z
WBI_011-VR2W-110585-2015_06_29T10,2015-06-29T10:53:00Z,41.86758,-82.6008,VR2W,V2LGLFC_WBI_011,V2LGLFC,V2LGLFC,2016-06-16T16:00:00Z
WBI_012-VR2W-119152-2015_06_29T11,2015-06-29T11:02:00Z,41.85908,-82.60913,VR2W,V2LGLFC_WBI_012,V2LGLFC,V2LGLFC,2016-06-16T16:04:00Z
WBI_013-VR2W-119783-2015_06_29T11,2015-06-29T11:06:00Z,41.85126,-82.6183,VR2W,V2LGLFC_WBI_013,V2LGLFC,V2LGLFC,2016-06-16T16:08:00Z
WBI_014-VR2W-119780-2015_06_29T11,2015-06-29T11:12:00Z,41.84296,-82.62701,VR2W,V2LGLFC_WBI_014,V2LGLFC,V2LGLFC,2015-11-24T12:00:00Z
WBI_014-VR2W-119780-2015_11_24T12,2015-11-24T12:05:00Z,41.8466,-82.6503,VR2W,V2LGLFC_WBI_014,V2LGLFC,V2LGLFC,2016-06-16T16:13:00Z
WBI_015-VR2W-109141-2015_06_29T11,2015-06-29T11:22:00Z,41.83811,-82.6361,VR2W,V2LGLFC_WBI_015,V2LGLFC,V2LGLFC,2015-06-30T00:00:00Z
WBI_016-VR2W-110584-2015_06_22T10,2015-06-22T10:34:00Z,41.73349,-82.68441,VR2W,V2LGLFC_WBI_016,V2LGLFC,V2LGLFC,2015-06-23T00:00:00Z
WBI_017-VR2W-113055-2015_06_22T10,2015-06-22T10:38:00Z,41.72708,-82.69317,VR2W,V2LGLFC_WBI_017,V2LGLFC,V2LGLFC,2016-06-21T11:17:00Z
WBI_018-VR2W-106602-2015_06_22T10,2015-06-22T10:41:00Z,41.7203,-82.70052,VR2W,V2LGLFC_WBI_018,V2LGLFC,V2LGLFC,2016-06-21T11:10:00Z
WBI_019-VR2W-110558-2015_06_22T10,2015-06-22T10:45:00Z,41.71386,-82.70894,VR2W,V2LGLFC_WBI_019,V2LGLFC,V2LGLFC,2016-06-21T11:20:00Z
WBI_020-VR2W-119148-2015_06_22T10,2015-06-22T10:50:00Z,41.70438,-82.70902,VR2W,V2LGLFC_WBI_020,V2LGLFC,V2LGLFC,2016-05-04T00:00:00Z
WBI_021-VR2W-112342-2015_06_22T10,2015-06-22T10:54:00Z,41.69555,-82.71031,VR2W,V2LGLFC_WBI_021,V2LGLFC,V2LGLFC,2016-06-21T11:30:00Z
WBI_022-VR2W-112394-2015_06_22T10,2015-06-22T10:58:00Z,41.68581,-82.71104,VR2W,V2LGLFC_WBI_022,V2LGLFC,V2LGLFC,2016-06-21T11:35:00Z
WBI_023-VR2W-110583-2015_06_22T11,2015-06-22T11:02:00Z,41.67698,-82.71144,VR2W,V2LGLFC_WBI_023,V2LGLFC,V2LGLFC,2016-06-21T11:40:00Z
WBI_024-VR2W-110578-2015_06_22T11,2015-06-22T11:05:00Z,41.66713,-82.71173,VR2W,V2LGLFC_WBI_024,V2LGLFC,V2LGLFC,2016-06-21T11:45:00Z
WBI_026-VR2W-110595-2015_06_22T11,2015-06-22T11:12:00Z,41.64862,-82.7127,VR2W,V2LGLFC_WBI_026,V2LGLFC,V2LGLFC,2016-06-21T11:50:00Z
WBI_027-VR2W-112400-2015_06_24T08,2015-06-24T08:19:00Z,41.63971,-82.7141,VR2W,V2LGLFC_WBI_027,V2LGLFC,V2LGLFC,2016-06-21T11:57:00Z
WBI_028-VR2W-112476-2015_06_24T08,2015-06-24T08:23:00Z,41.63004,-82.7152,VR2W,V2LGLFC_WBI_028,V2LGLFC,V2LGLFC,2016-06-21T12:00:00Z
WBI_029-VR2W-110593-2015_06_24T08,2015-06-24T08:26:00Z,41.62331,-82.71616,VR2W,V2LGLFC_WBI_029,V2LGLFC,V2LGLFC,2016-06-21T12:05:00Z
WBI_030-VR2W-113058-2015_06_24T08,2015-06-24T08:33:00Z,41.59656,-82.73775,VR2W,V2LGLFC_WBI_030,V2LGLFC,V2LGLFC,2016-06-21T12:15:00Z
WBI_031-VR2W-112413-2015_06_24T08,2015-06-24T08:38:00Z,41.58639,-82.7415,VR2W,V2LGLFC_WBI_031,V2LGLFC,V2LGLFC,2016-06-21T12:20:00Z
WBI_032-VR2W-113616-2015_06_24T08,2015-06-24T08:40:00Z,41.57714,-82.74385,VR2W,V2LGLFC_WBI_032,V2LGLFC,V2LGLFC,2016-06-21T12:25:00Z
WBI_034-VR2W-112405-2015_06_24T08,2015-06-24T08:50:00Z,41.55731,-82.7499,VR2W,V2LGLFC_WBI_034,V2LGLFC,V2LGLFC,2016-06-21T12:34:00Z
WBI_035-VR2W-110167-2015_06_24T09,2015-06-24T09:48:00Z,41.54813,-82.75314,VR2W,V2LGLFC_WBI_035,V2LGLFC,V2LGLFC,2015-06-25T00:00:00Z
WBO_018-VR2W-112330-2015_06_29T15,2015-06-29T15:15:00Z,41.70366,-82.66308,VR2W,V2LGLFC_WBO_018,V2LGLFC,V2LGLFC,2015-06-30T00:00:00Z
WBO_019-VR2W-120180-2015_06_29T15,2015-06-29T15:20:00Z,41.69419,-82.66417,VR2W,V2LGLFC_WBO_019,V2LGLFC,V2LGLFC,2015-06-30T00:00:00Z
WBO_020-VR2W-119154-2015_06_29T15,2015-06-29T15:25:00Z,41.68438,-82.66541,VR2W,V2LGLFC_WBO_020,V2LGLFC,V2LGLFC,2016-06-09T12:55:00Z
WBO_021-VR2W-112395-2015_06_29T15,2015-06-29T15:30:00Z,41.67509,-82.66656,VR2W,V2LGLFC_WBO_021,V2LGLFC,V2LGLFC,2016-06-09T13:00:00Z
WBO_023-VR2W-110591-2015_06_29T15,2015-06-29T15:40:00Z,41.65589,-82.66861,VR2W,V2LGLFC_WBO_023,V2LGLFC,V2LGLFC,2016-06-09T13:10:00Z
WBO_026-VR2W-113615-2015_06_29T15,2015-06-29T15:55:00Z,41.62742,-82.67256,VR2W,V2LGLFC_WBO_026,V2LGLFC,V2LGLFC,2016-06-09T13:20:00Z
WBO_027-VR2W-112341-2014_07_01T13,2014-07-01T13:12:00Z,41.58217,-82.69533,VR2W,V2LGLFC_WBO_027,V2LGLFC,V2LGLFC,2015-06-25T09:23:00Z
WBO_027-VR2W-119155-2015_06_29T16,2015-06-29T16:05:00Z,41.58184,-82.69509,VR2W,V2LGLFC_WBO_027,V2LGLFC,V2LGLFC,2015-06-30T00:00:00Z
WBO_028-VR2W-112446-2014_07_01T13,2014-07-01T13:20:00Z,41.57198,-82.69908,VR2W,V2LGLFC_WBO_028,V2LGLFC,V2LGLFC,2015-06-25T09:27:00Z
WBO_029-VR2W-112407-2015_06_29T16,2015-06-29T16:12:00Z,41.56271,-82.70439,VR2W,V2LGLFC_WBO_029,V2LGLFC,V2LGLFC,2016-06-09T13:35:00Z
WBO_030-VR2W-110596-2015_06_29T16,2015-06-29T16:16:00Z,41.55324,-82.70953,VR2W,V2LGLFC_WBO_030,V2LGLFC,V2LGLFC,2016-06-09T13:45:00Z
WBO_031-VR2W-110559-2015_06_30T11,2015-06-30T11:40:00Z,41.54351,-82.71392,VR2W,V2LGLFC_WBO_031,V2LGLFC,V2LGLFC,
WIP-001-VR2AR-553234-2024_05_04T15,2024-05-04T15:15:00Z,45.31637,-80.1202,VR2AR,V2LPSAP_WIP-001,V2LPSAP,V2LPSAP,2025-05-02T13:30:00Z
WIP-001-VR2AR-553234-2025_05_02T13,2025-05-02T13:50:00Z,45.31683,-80.1202,VR2AR,V2LPSAP_WIP-001,V2LPSAP,V2LPSAP,
WIP-002-VR2AR-553243-2024_05_04T15,2024-05-04T15:26:00Z,45.31525,-80.11693,VR2AR,V2LPSAP_WIP-002,V2LPSAP,V2LPSAP,2025-04-29T12:00:00Z
WIP-002-VR2AR-553243-2025_04_29T12,2025-04-29T12:42:00Z,45.3152,-80.11705,VR2AR,V2LPSAP_WIP-002,V2LPSAP,V2LPSAP,
WIP-003-VR2AR-553230-2024_05_04T15,2024-05-04T15:32:00Z,45.31355,-80.11355,VR2AR,V2LPSAP_WIP-003,V2LPSAP,V2LPSAP,2025-05-02T08:50:00Z
WIP-003-VR2AR-553230-2025_05_02T09,2025-05-02T09:25:00Z,45.3139,-80.11332,VR2AR,V2LPSAP_WIP-003,V2LPSAP,V2LPSAP,
WIP-004-VR2AR-553206-2024_05_04T15,2024-05-04T15:39:00Z,45.31323,-80.10957,VR2AR,V2LPSAP_WIP-004,V2LPSAP,V2LPSAP,2025-05-02T09:30:00Z
WIP-004-VR2AR-553206-2025_05_02T09,2025-05-02T09:48:00Z,45.31325,-80.10953,VR2AR,V2LPSAP_WIP-004,V2LPSAP,V2LPSAP,
WIP-005-VR2AR-553245-2024_05_04T15,2024-05-04T15:45:00Z,45.31247,-80.10512,VR2AR,V2LPSAP_WIP-005,V2LPSAP,V2LPSAP,2025-05-02T09:52:00Z
WIP-005-VR2AR-553245-2025_05_02T10,2025-05-02T10:07:00Z,45.31533,-80.10503,VR2AR,V2LPSAP_WIP-005,V2LPSAP,V2LPSAP,
WIP-006-VR2AR-553236-2024_05_04T15,2024-05-04T15:51:00Z,45.31393,-80.10097,VR2AR,V2LPSAP_WIP-006,V2LPSAP,V2LPSAP,2025-05-02T10:10:00Z
WIP-006-VR2AR-553236-2025_05_02T10,2025-05-02T10:30:00Z,45.31395,-80.10098,VR2AR,V2LPSAP_WIP-006,V2LPSAP,V2LPSAP,
WIP-007-VR2AR-553256-2024_05_04T15,2024-05-04T15:56:00Z,45.31525,-80.09793,VR2AR,V2LPSAP_WIP-007,V2LPSAP,V2LPSAP,2025-05-02T10:38:00Z
WIP-007-VR2AR-553256-2025_05_02T11,2025-05-02T11:00:00Z,45.31522,-80.09797,VR2AR,V2LPSAP_WIP-007,V2LPSAP,V2LPSAP,
WIP-008-VR2AR-553222-2024_05_04T16,2024-05-04T16:00:00Z,45.3165,-80.099,VR2AR,V2LPSAP_WIP-008,V2LPSAP,V2LPSAP,2025-05-02T10:57:00Z
WIP-008-VR2AR-553222-2025_05_02T11,2025-05-02T11:19:00Z,45.31652,-80.09898,VR2AR,V2LPSAP_WIP-008,V2LPSAP,V2LPSAP,
WIP-009-VR2AR-553247-2024_05_06T13,2024-05-06T13:28:00Z,45.31563,-80.10297,VR2AR,V2LPSAP_WIP-009,V2LPSAP,V2LPSAP,2025-05-02T11:30:00Z
WIP-009-VR2AR-553247-2025_05_02T12,2025-05-02T12:10:00Z,45.31563,-80.10295,VR2AR,V2LPSAP_WIP-009,V2LPSAP,V2LPSAP,
WIP-010-RBR-201638-2024_05_04T16,2024-05-04T16:23:00Z,45.31408,-80.10558,RBR,V2LPSAP_WIP-010,V2LPSAP,V2LPSAP,2025-05-01T17:15:00Z
WIP-010-RBR-201638-2025_05_01T17,2025-05-01T17:19:00Z,45.31412,-80.10585,RBR,V2LPSAP_WIP-010,V2LPSAP,V2LPSAP,
WIP-010-VR2AR-552924-2024_05_04T16,2024-05-04T16:16:00Z,45.31415,-80.10562,VR2AR,V2LPSAP_WIP-010,V2LPSAP,V2LPSAP,2025-05-04T09:40:00Z
WIP-010-VR2AR-552924-2025_05_04T10,2025-05-04T10:00:00Z,45.31413,-80.10555,VR2AR,V2LPSAP_WIP-010,V2LPSAP,V2LPSAP,
WIP-011-VR2AR-553219-2024_05_04T16,2024-05-04T16:34:00Z,45.31642,-80.10618,VR2AR,V2LPSAP_WIP-011,V2LPSAP,V2LPSAP,2025-05-02T12:22:00Z
WIP-011-VR2AR-553219-2025_05_02T12,2025-05-02T12:40:00Z,45.31643,-80.1062,VR2AR,V2LPSAP_WIP-011,V2LPSAP,V2LPSAP,
WIP-012-VR2AR-553202-2024_05_04T16,2024-05-04T16:29:00Z,45.31613,-80.11037,VR2AR,V2LPSAP_WIP-012,V2LPSAP,V2LPSAP,2025-05-02T12:45:00Z
WIP-012-VR2AR-553202-2025_05_02T13,2025-05-02T13:00:00Z,45.31613,-80.11038,VR2AR,V2LPSAP_WIP-012,V2LPSAP,V2LPSAP,
WIP-013-VR2AR-553228-2024_05_04T15,2024-05-04T15:14:00Z,45.31717,-80.11538,VR2AR,V2LPSAP_WIP-013,V2LPSAP,V2LPSAP,2025-05-02T13:04:00Z
WIP-013-VR2AR-553228-2025_05_02T13,2025-05-02T13:25:00Z,45.31717,-80.11537,VR2AR,V2LPSAP_WIP-013,V2LPSAP,V2LPSAP,
WIP-014-VR2AR-553211-2024_05_04T16,2024-05-04T16:40:00Z,45.32027,-80.10557,VR2AR,V2LPSAP_WIP-014,V2LPSAP,V2LPSAP,2025-05-02T13:58:00Z
WIP-014-VR2AR-553211-2025_05_02T14,2025-05-02T14:21:00Z,45.32035,-80.10547,VR2AR,V2LPSAP_WIP-014,V2LPSAP,V2LPSAP,
