station,deploy_lat,deploy_long,deploy_date_time
CUY-024,41.2317,-81.54682,2023-01-19 20:53
LSR-021,41.35264,-83.11129,2023-01-26 15:30
CUY-028,41.29626,-81.5705,2023-03-06 17:35
CUY-023,41.21587,-81.56212,2023-03-07 22:15
CUY-020,41.16206,-81.57436,2023-03-07 22:50
CUY-010,41.1229,-81.4956,2023-03-08 19:15
SRVPS-040,41.4121,-83.0811,2023-03-13 13:52
SRVPS-039,41.4127,-83.0809,2023-03-13 14:59
SRVPS-037,41.4135,-83.0831,2023-03-13 15:02
SRVPS-038,41.4131,-83.0834,2023-03-13 15:04
SRVPS-036,41.4145,-83.0857,2023-03-13 15:05
SRVPS-035,41.4145,-83.0849,2023-03-13 15:08
SRVPS-034,41.4165,-83.0861,2023-03-13 15:17
SRVPS-033,41.4165,-83.0853,2023-03-13 15:19
SRVPS-031,41.418,-83.0844,2023-03-13 15:20
SRVPS-032,41.4187,-83.0846,2023-03-13 15:22
SRVPS-030,41.4196,-83.0826,2023-03-13 15:23
SRVPS-029,41.4195,-83.0822,2023-03-13 15:24
SRVPS-028,41.4199,-83.0806,2023-03-13 15:26
SRVPS-027,41.42,-83.08,2023-03-13 15:27
SRVPS-026,41.4199,-83.0776,2023-03-13 15:28
SRVPS-025,41.4198,-83.0777,2023-03-13 16:14
SRVPS-024,41.4197,-83.0751,2023-03-13 16:17
SRVPS-023,41.4193,-83.075,2023-03-13 16:20
SRVPS-022,41.4194,-83.0731,2023-03-13 16:21
SRVPS-021,41.4191,-83.0733,2023-03-13 16:23
SRVPS-019,41.4198,-83.0708,2023-03-13 16:24
SRVPS-020,41.4201,-83.071,2023-03-13 16:26
SRVPS-017,41.4216,-83.0689,2023-03-13 16:29
SRVPS-018,41.4222,-83.0688,2023-03-13 16:30
SRVPS-015,41.4227,-83.0675,2023-03-13 16:36
SRVPS-016,41.423,-83.067,2023-03-13 16:39
SRVPS-014,41.423,-83.0652,2023-03-13 16:41
SRVPS-013,41.4228,-83.0656,2023-03-13 16:42
SRVPS-012,41.4226,-83.0638,2023-03-13 16:44
SRVPS-011,41.4223,-83.0633,2023-03-13 16:50
SRVPS-001,41.4292,-83.0579,2023-03-13 17:10
SRVPS-002,41.4299,-83.059,2023-03-13 17:12
SRVPS-003,41.4289,-83.0614,2023-03-13 17:18
SRVPS-004,41.4283,-83.061,2023-03-13 17:21
SRVPS-005,41.4271,-83.0614,2023-03-13 17:24
SRVPS-006,41.427,-83.0617,2023-03-13 17:30
SRVPS-007,41.425,-83.0614,2023-03-13 17:32
SRVPS-008,41.4246,-83.0615,2023-03-13 17:38
SRVPS-009,41.4228,-83.061,2023-03-13 17:42
SRVPS-010,41.4235,-83.0617,2023-03-13 17:45
WRC-008,41.6302,-83.0772,2023-03-21 18:57
WRC-009,41.6355,-83.04691,2023-03-21 19:03
WRC-012,41.6191,-83.0262,2023-03-21 19:07
WRC-013,41.6264,-83.0077,2023-03-21 19:11
WRC-016,41.6085,-83.0054,2023-03-21 19:14
WRC-017,41.61,-82.965,2023-03-21 19:21
WRC-014,41.6201,-82.9837,2023-03-21 19:24
WRC-015,41.6255,-82.9502,2023-03-21 19:32
WRC-007,41.6529,-82.9518,2023-03-21 19:37
WRC-004,41.6676,-82.9793,2023-03-21 19:43
WRC-011,41.6399,-82.9732,2023-03-21 19:49
WRC-010,41.6347,-82.9986,2023-03-21 19:54
WRC-003,41.6718,-83.0222,2023-03-21 20:03
WRC-006,41.6494,-83.0348,2023-03-21 20:08
WRC-002,41.6668,-83.0665,2023-03-21 20:12
WRC-001,41.6727,-83.1071,2023-03-21 20:18
WRC-005,41.6511,-83.1008,2023-03-21 20:22
LET-001,41.73966,-81.26274,2023-03-22 13:03
LET-002,41.74228,-81.04752,2023-03-22 14:14
LET-003,41.75421,-80.94833,2023-03-22 15:59
LET-004,41.94715,-80.54957,2023-03-22 17:23
LET-005,41.93367,-80.58908,2023-03-22 18:55
LSR-002,41.43825,-83.03791,2023-03-30 15:20
ENS-504,41.3927,-82.5121,2023-04-06 04:00
SBI-001,41.35967,-83.09971,2023-04-12 16:26
SBI-002,41.35951,-83.10059,2023-04-12 16:28
SBI-003,41.35867,-83.10042,2023-04-12 16:32
SBI-004,41.35856,-83.10137,2023-04-12 16:36
SBI-005,41.35732,-83.10193,2023-04-12 16:53
SBI-006,41.358,-83.10227,2023-04-12 17:05
SBI-007,41.35625,-83.10336,2023-04-12 17:10
SBI-008,41.35706,-83.10383,2023-04-12 17:12
SBI-009,41.35613,-83.10569,2023-04-12 17:20
SBI-010,41.35535,-83.10605,2023-04-12 17:23
SBI-011,41.35499,-83.10802,2023-04-12 17:40
SBI-012,41.35484,-83.10717,2023-04-12 17:42
SBI-013,41.35352,-83.10945,2023-04-12 17:46
SBI-014,41.35402,-83.10956,2023-04-12 17:52
SBI-015,41.35307,-83.11031,2023-04-12 17:55
SBI-016,41.35247,-83.11052,2023-04-12 18:14
SBI-017,41.3521,-83.11161,2023-04-12 18:19
SBI-018,41.35555,-83.10422,2023-04-12 18:37
SBI-019,41.35476,-83.10459,2023-04-12 18:40
SBI-020,41.35436,-83.1048,2023-04-12 18:43
SBI-021,41.35385,-83.10517,2023-04-12 18:46
SBI-022,41.35351,-83.10585,2023-04-12 18:49
SBI-023,41.35308,-83.10605,2023-04-12 19:00
SBI-024,41.35269,-83.10606,2023-04-12 19:10
CUY-026,41.25518,-81.54969,2023-04-18 09:40
CUY-025,41.24464,-81.55424,2023-04-18 10:55
CUY-027,41.27951,-81.56181,2023-04-18 12:35
CUY-022,41.19054,-81.57549,2023-04-18 13:40
CUY-021,41.17735,-81.58031,2023-04-18 14:25
CUY-011,41.12344,-81.49782,2023-04-18 15:40
ENS-401,41.4028,-82.5353,2023-04-25 18:01
ENS-201,41.4109,-82.5537,2023-04-26 14:19
MDR-010,41.95712,-83.10572,2023-04-26 14:32
LEG-1006,41.4527,-82.5726,2023-04-26 14:43
MDR-003,41.99979,-83.13148,2023-04-26 14:56
LEG-906,41.5824,-82.584,2023-04-26 15:12
MDR-011,41.97377,-83.14685,2023-04-26 15:14
MDR-001,42.04265,-83.15257,2023-04-26 15:38
LEG-806,41.7497,-82.5828,2023-04-26 15:39
MDR-013,42.04257,-83.12833,2023-04-26 15:57
ENS-101,41.7344,-82.6537,2023-04-26 15:58
DRL-010,42.07392,-83.12195,2023-04-26 16:17
WBA-014,41.7168,-82.7605,2023-04-26 16:32
DRL-013,42.07966,-83.11776,2023-04-26 16:37
DRL-011,42.08589,-83.11755,2023-04-26 16:52
ENS-112,41.6892,-82.7977,2023-04-26 16:55
ENS-113,41.6605,-82.8151,2023-04-26 17:12
DRL-012,42.08003,-83.13162,2023-04-26 17:29
DRL-006,42.08794,-83.1723,2023-04-26 18:07
DRL-001,42.0934,-83.17969,2023-04-26 18:23
LEG-026,41.6774,-82.7726,2023-04-26 18:28
DRL-014,42.14344,-83.17152,2023-04-26 18:50
ENS-111,41.6199,-82.6949,2023-04-26 18:50
DRL-005,42.08411,-83.18179,2023-04-26 19:26
SRVPS-047,41.43748,-83.03691,2023-05-01 13:45
SRVPS-069,41.43812,-83.03891,2023-05-01 13:51
SRVPS-065,41.43773,-83.03922,2023-05-01 13:54
SRVPS-043,41.43764,-83.04122,2023-05-01 13:57
SRVPS-098,41.437,-83.04119,2023-05-01 14:00
SRVPS-051,41.43601,-83.04268,2023-05-01 14:04
SRVPS-054,41.43547,-83.04214,2023-05-01 14:06
SRVPS-052,41.43448,-83.04343,2023-05-01 14:10
SRVPS-075,41.43377,-83.04304,2023-05-01 14:12
SRVPS-062,41.43287,-83.04426,2023-05-01 14:15
SRVPS-053,41.43212,-83.0439,2023-05-01 14:18
SRVPS-089,41.43141,-83.04537,2023-05-01 14:21
SRVPS-046,41.43068,-83.04517,2023-05-01 14:23
SRVPS-060,41.42992,-83.04674,2023-05-01 14:27
SRVPS-061,41.42938,-83.04648,2023-05-01 14:30
SRVPS-064,41.42851,-83.04799,2023-05-01 14:34
LEG-003,41.9372,-83.1663,2023-05-01 18:36
SRVPS-070,41.39832,-83.10062,2023-05-02 13:03
SRVPS-042,41.39921,-83.09921,2023-05-02 13:09
SRVPS-066,41.39933,-83.09811,2023-05-02 13:13
SRVPS-099,41.40059,-83.09648,2023-05-02 13:19
SRVPS-100,41.40157,-83.09613,2023-05-02 13:22
SRVPS-041,41.40142,-83.0947,2023-05-02 13:25
SRVPS-049,41.40225,-83.09395,2023-05-02 13:30
SRVPS-055,41.40225,-83.09395,2023-05-02 13:30
SRVPS-087,41.4281,-83.04764,2023-05-02 13:30
SRVPS-059,41.4269,-83.04846,2023-05-02 13:35
SRVPS-058,41.42644,-83.0481,2023-05-02 13:39
SRVPS-090,41.42544,-83.04935,2023-05-02 13:42
SRVPS-095,41.42476,-83.04932,2023-05-02 13:46
SRVPS-080,41.4243,-83.05169,2023-05-02 13:50
SRVPS-057,41.42475,-83.05133,2023-05-02 13:53
SRVPS-101,41.42513,-83.05383,2023-05-02 13:59
SRVPS-085,41.42565,-83.05368,2023-05-02 14:02
SRVPS-063,41.42628,-83.05572,2023-05-02 14:07
SRVPS-056,41.42683,-83.05536,2023-05-02 14:09
SRVPS-073,41.42753,-83.05703,2023-05-02 14:12
SRVPS-044,41.40194,-83.09234,2023-05-02 14:13
SRVPS-072,41.42894,-83.05826,2023-05-02 14:17
SRVPS-084,41.40254,-83.09165,2023-05-02 14:18
SRVPS-074,41.42944,-83.05802,2023-05-02 14:19
SRVPS-093,41.40197,-83.08981,2023-05-02 14:21
SRVPS-079,41.4024,-83.08939,2023-05-02 14:24
SRVPS-086,41.40177,-83.08725,2023-05-02 14:28
SRVPS-096,41.4024,-83.08709,2023-05-02 14:30
SRVPS-048,41.402,-83.08486,2023-05-02 14:34
SRVPS-102,41.40262,-83.08487,2023-05-02 14:38
SRVPS-082,41.40256,-83.08253,2023-05-02 15:06
SRVPS-045,41.40345,-83.08261,2023-05-02 15:09
SRVPS-078,41.40357,-83.08095,2023-05-02 15:11
SRVPS-094,41.4047,-83.0808,2023-05-02 15:13
SRVPS-081,41.40483,-83.07917,2023-05-02 15:16
SRVPS-097,41.40594,-83.07945,2023-05-02 15:19
SRVPS-077,41.40642,-83.07802,2023-05-02 15:21
SRVPS-091,41.40767,-83.07859,2023-05-02 15:23
SRVPS-088,41.40832,-83.07755,2023-05-02 15:25
SRVPS-083,41.4094,-83.07853,2023-05-02 15:28
SRVPS-076,41.4101,-83.07784,2023-05-02 15:30
SRVPS-050,41.41104,-83.0795,2023-05-02 15:33
SRVPS-092,41.41163,-83.07902,2023-05-02 15:35
ENS-406,41.50927,-81.71413,2023-05-02 19:00
LGR-001,41.74144,-81.27927,2023-05-03 19:18
CUY-013,41.12332,-81.51066,2023-05-03 20:20
ENS-402,41.50275,-82.67396,2023-05-04 13:16
WBA-024,41.6295,-82.7567,2023-05-04 14:23
DRF-004,42.24921,-83.11895,2023-05-04 14:29
LEG-021,41.7605,-82.8064,2023-05-04 14:49
HEN-006,41.776,-82.7861,2023-05-04 15:01
WBA-013,41.8029,-82.7479,2023-05-04 15:20
WBA-012,41.8018,-82.8619,2023-05-04 15:42
ESL-001,41.8214,-82.8494,2023-05-04 15:53
DRF-003,42.23006,-83.11017,2023-05-04 16:02
LEG-013,41.8468,-82.8048,2023-05-04 16:04
LEG-014,41.8477,-82.6836,2023-05-04 16:19
ENS-104,41.8219,-82.6729,2023-05-04 16:39
GRE-002,42.22384,-83.12829,2023-05-04 16:53
DRF-007,42.20146,-83.13489,2023-05-04 17:13
ENS-405,41.8586,-82.6,2023-05-04 17:15
BRC-001,42.15408,-83.12597,2023-05-04 17:54
DRF-002,42.19387,-83.11064,2023-05-04 18:41
GRW-002,42.21939,-83.13831,2023-05-04 19:21
ENS-102,41.9675,-82.9204,2023-05-08 17:39
LEG-005,41.9363,-82.9259,2023-05-08 18:20
LEG-004,41.9275,-83.0454,2023-05-08 18:39
LEG-008,41.9263,-82.5457,2023-05-09 14:14
WBA-001,41.9831,-82.6213,2023-05-09 14:37
ENS-103,41.9916,-82.7811,2023-05-09 15:07
LEG-006,41.9373,-82.8151,2023-05-09 15:23
LEG-011,41.8515,-83.0343,2023-05-09 16:03
LEG-012,41.847,-82.9265,2023-05-09 16:40
LEG-007,41.9272,-82.6771,2023-05-09 17:30
LEG-607,42.0628,-82.3983,2023-05-09 19:33
LEG-707,41.9169,-82.4173,2023-05-09 19:55
LEG-807,41.7496,-82.4172,2023-05-09 20:21
LEG-907,41.5837,-82.4077,2023-05-09 20:47
OWC-001,41.38263,-82.5144,2023-05-12 18:00
LEG-1007,41.4515,-82.4245,2023-05-15 10:45
LEG-1008,41.4687,-82.2624,2023-05-15 11:33
LEG-910,41.584,-81.915,2023-05-15 13:08
LEG-911,41.5852,-81.7516,2023-05-15 13:51
LEG-912,41.6144,-81.598,2023-05-15 14:34
LEG-813,41.7612,-81.42,2023-05-15 15:41
LEG-814,41.7973,-81.2607,2023-05-15 16:29
LEG-715,41.9176,-81.085,2023-05-15 17:31
LEG-716,41.9337,-80.9198,2023-05-15 18:23
LEG-717,41.9545,-80.7582,2023-05-15 19:07
LEG-718,41.9879,-80.5998,2023-05-15 19:55
LEG-618,42.083,-80.583,2023-05-15 20:32
LEG-619,42.0891,-80.4188,2023-05-15 21:12
LEG-620,42.1173,-80.2599,2023-05-15 21:53
OWC-002,41.365,-82.50472,2023-05-15 22:00
ENS-303,42.1716,-80.1165,2023-05-15 22:35
ENS-305,42.1448,-80.0991,2023-05-16 11:05
ENS-304,42.1581,-80.062,2023-05-16 11:27
LEG-521,42.2503,-80.0833,2023-05-16 12:02
LEG-522,42.2704,-79.9239,2023-05-16 20:50
ENS-306,42.2144,-79.9232,2023-05-16 21:51
LEG-520,42.2497,-80.2506,2023-05-17 12:40
LEG-519,42.2484,-80.417,2023-05-17 19:35
LEG-518,42.2491,-80.5815,2023-05-17 20:18
LEG-517,42.251,-80.7572,2023-05-17 21:05
LEG-617,42.0827,-80.7561,2023-05-17 22:04
ENS-503,41.47531,-82.8345,2023-05-18 04:00
ENS-505,41.501,-81.7482,2023-05-18 04:00
ENS-215,41.9212,-80.7968,2023-05-18 11:27
LEG-616,42.0839,-80.9171,2023-05-18 12:34
LEG-516,42.2508,-80.9155,2023-05-18 13:31
LEG-514,42.2507,-81.2506,2023-05-18 18:45
LEG-515,42.251,-81.084,2023-05-18 19:35
LEG-615,42.0828,-81.0847,2023-05-18 20:37
LEG-714,41.9152,-81.2496,2023-05-18 21:53
ENS-211,41.7713,-81.2775,2023-05-18 22:43
ENS-502,41.5321,-82.9413,2023-05-19 04:00
LEG-812,41.7505,-81.5817,2023-05-19 11:09
LEG-811,41.7504,-81.7505,2023-05-19 11:53
LEG-809,41.7503,-82.083,2023-05-19 13:13
LEG-909,41.5861,-82.0855,2023-05-19 14:08
LEG-908,41.5839,-82.2483,2023-05-19 14:55
LEG-907,41.5839,-82.4074,2023-05-19 15:38
LEG-808,41.7506,-82.25,2023-05-23 14:57
LEG-708,41.9159,-82.2496,2023-05-23 15:51
LEG-608,42.0827,-82.2493,2023-05-23 16:47
ENS-224,42.2333,-82.0891,2023-05-23 17:54
LEG-509,42.211,-82.0748,2023-05-23 18:03
LEG-610,42.0845,-81.9171,2023-05-23 19:00
LEG-611,42.0843,-81.7495,2023-05-23 19:44
LEG-511,42.2506,-81.7496,2023-05-23 20:38
LEG-510,42.2301,-81.9102,2023-05-23 22:49
ENS-223,42.2514,-81.9036,2023-05-24 11:04
LEG-612,42.0842,-81.5831,2023-05-24 12:38
LEG-613,42.0841,-81.4166,2023-05-24 13:47
LEG-513,42.2505,-81.4168,2023-05-24 17:37
LEG-512,42.251,-81.5825,2023-05-24 18:17
LEG-614,42.08018,-81.2508,2023-05-25 14:18
LEG-713,41.9169,-81.4163,2023-05-25 15:31
LEG-712,41.9162,-81.5824,2023-05-25 16:14
LEG-711,41.9171,-81.7507,2023-05-25 16:59
LEG-710,41.9166,-81.9166,2023-05-25 17:41
LEG-810,41.7503,-81.9149,2023-05-25 18:59
ENS-120,41.69113,-83.28686,2023-06-05 16:07
ENS-119,41.70486,-83.26638,2023-06-05 16:43
LEG-017,41.75776,-83.1652,2023-06-05 17:15
LEG-016,41.75559,-83.28362,2023-06-05 17:44
ENS-118,41.74478,-83.34385,2023-06-05 17:56
ENS-117,41.7641,-83.39196,2023-06-05 18:49
LEG-015,41.80231,-83.3782,2023-06-05 19:05
ENS-116,41.86569,-83.32193,2023-06-05 19:23
LEG-009,41.84694,-83.28753,2023-06-05 19:40
LEG-010,41.84675,-83.16467,2023-06-05 19:55
LEG-019,41.75805,-83.04498,2023-06-05 20:26
LEG-023,41.66924,-83.16514,2023-06-05 20:57
ENS-108,41.6566,-83.17703,2023-06-05 21:07
ENS-501,41.7244,-83.3703,2023-06-07 04:00
HRO-001,41.32834,-82.58426,2023-06-07 13:11
HRO-002,41.36721,-82.54678,2023-06-07 16:00
SMB-007,41.58547,-82.73812,2023-06-09 13:58
SMB-008,41.58992,-82.66256,2023-06-09 17:34
SMB-018,41.62601,-82.64704,2023-06-09 17:45
SMB-009,41.67104,-82.69036,2023-06-09 18:00
SMB-012,41.65432,-82.78523,2023-06-09 18:18
SMB-011,41.62625,-82.79904,2023-06-09 18:27
SMB-010,41.63971,-82.85077,2023-06-09 18:45
SBR-001,41.45385,-82.72442,2023-06-13 19:10
CUY-002,41.13794,-81.41673,2023-06-15 11:59
CUY-004,41.14539,-81.45888,2023-06-15 13:26
SMB-017,41.69405,-82.72861,2023-06-15 14:41
SMB-015,41.72082,-82.79177,2023-06-15 14:55
SMB-016,41.72743,-82.83895,2023-06-15 15:09
SMB-014,41.69862,-82.82292,2023-06-15 15:24
SMB-013,41.68136,-82.83367,2023-06-15 15:34
SMB-019,41.68259,-82.88249,2023-06-15 15:45
CUY-010,41.1229,-81.4956,2023-06-15 16:12
USR-003,41.327,-83.15168,2023-06-21 14:05
USR-004,41.30867,-83.15791,2023-06-21 14:58
USR-005,41.33334,-83.11478,2023-06-21 15:50
ENS-401,41.4028,-82.5353,2023-06-23 15:00
LEG-709,41.9176,-82.0838,2023-06-27 14:20
LEG-609,42.0835,-82.0844,2023-06-27 15:00
ENS-406,41.50927,-81.71413,2023-06-29 17:18
ENS-402,41.50275,-82.67396,2023-06-30 15:27
ENS-404,41.73972,-83.36408,2023-06-30 19:11
LEG-807,41.7507,-82.41636,2023-07-05 15:45
LL-007,41.9655,-82.0347,2023-07-11 14:54
LL-010,42.083,-81.0244,2023-07-12 14:43
CUY-007,41.13605,-81.48156,2023-07-12 15:30
CUY-012,41.12282,-81.50212,2023-07-12 17:10
LL-006,41.7842,-81.9495,2023-07-12 19:06
LL-005,41.5297,-82.0033,2023-07-17 01:30
ENS-402,41.50275,-82.67396,2023-07-17 14:42
ENS-401,41.4028,-82.5353,2023-07-17 17:04
LL-009,41.9232,-80.78221,2023-07-18 00:22
ENS-406,41.50927,-81.71413,2023-07-18 14:15
LL-008,42.2499,-81.9297,2023-07-20 23:30
ENS-404,41.73972,-83.36408,2023-07-25 13:58
WBA-015,41.71798,-82.87172,2023-08-02 17:21
LEG-020,41.75812,-82.92527,2023-08-02 17:38
LL-003,41.82132,-82.92604,2023-08-02 17:51
LL-004,41.91222,-82.92774,2023-08-02 18:07
LL-002,41.71607,-82.98367,2023-08-02 18:41
LEG-025,41.66797,-82.92733,2023-08-02 18:53
LL-001,41.6201,-82.90938,2023-08-02 19:04
LEG-028,41.57889,-82.92579,2023-08-02 19:18
ENS-109,41.54426,-82.93777,2023-08-02 19:59
ENS-202,41.41771,-82.43105,2023-08-13 14:58
ENS-204,41.45167,-82.25624,2023-08-13 15:46
ENS-205,41.48713,-82.16937,2023-08-13 16:16
ENS-206,41.51087,-82.05143,2023-08-13 16:53
LEG-1010,41.49223,-81.89034,2023-08-13 17:35
ENS-207,41.49438,-81.84731,2023-08-13 17:47
ENS-208,41.51719,-81.7178,2023-08-13 18:28
ENS-209,41.55017,-81.64685,2023-08-13 18:49
ENS-210,41.68306,-81.43583,2023-08-13 20:01
ENS-212,41.81181,-81.13849,2023-08-13 21:26
ENS-213,41.86391,-80.97115,2023-08-13 22:19
ENS-214,41.89029,-80.85961,2023-08-13 22:52
ENS-216,41.98122,-80.56051,2023-08-14 00:06
ENS-217,42.0315,-80.37158,2023-08-14 00:56
LL-013,42.1881,-79.9956,2023-08-14 15:41
ENS-301,42.08096,-80.24233,2023-08-16 19:58
ENS-302,42.11333,-80.16599,2023-08-16 20:25
ENS-401,41.4028,-82.5353,2023-08-28 17:15
ENS-402,41.50275,-82.67396,2023-08-29 18:59
ENS-404,41.73972,-83.36408,2023-08-30 19:45
DRL-002,42.10115,-83.14026,2023-08-31 18:22
ENS-406,41.50927,-81.71413,2023-09-01 17:32
SGN-030,41.66854,-82.67801,2023-09-06 19:55
SGN-031,41.61474,-82.69306,2023-09-06 20:12
SGN-032,41.61566,-82.6757,2023-09-06 20:27
SGN-033,41.59872,-82.6729,2023-09-06 20:39
SGN-022,41.72048,-82.80893,2023-09-11 19:28
SGN-023,41.70695,-82.81125,2023-09-11 19:43
SGN-024,41.66004,-82.79465,2023-09-11 20:05
SGN-025,41.63879,-82.8202,2023-09-11 20:20
CUY-009,41.11889,-81.49276,2023-09-13 08:00
CUY-010,41.1229,-81.4956,2023-09-13 13:38
CUY-004,41.14539,-81.45888,2023-09-13 15:43
CUY-002,41.13794,-81.41673,2023-09-13 16:40
CUY-001,41.50003,-81.70966,2023-09-14 14:15
CUY-003,41.43943,-81.67499,2023-09-14 15:56
SGN-038,41.66387,-82.97348,2023-09-14 20:22
SGN-039,41.6634,-82.97818,2023-09-14 20:36
SGN-040,41.64803,-83.00178,2023-09-14 20:52
SGN-041,41.64416,-83.01202,2023-09-14 21:05
SGN-049,41.79863,-81.17403,2023-09-19 20:24
SGN-048,41.79528,-81.18495,2023-09-19 20:40
SGN-047,41.79008,-81.19167,2023-09-19 20:49
SGN-046,41.7843,-81.2102,2023-09-19 21:04
ENS-404,41.73972,-83.36408,2023-09-20 14:55
ENS-402,41.50275,-82.67396,2023-09-20 18:05
SGN-045,41.5004,-81.80746,2023-09-20 20:40
SGN-044,41.5013,-81.81025,2023-09-20 20:50
SGN-042,41.49792,-81.81933,2023-09-20 21:06
SGN-043,41.49762,-81.82532,2023-09-20 21:14
ENS-406,41.50927,-81.71413,2023-09-22 13:27
CUY-020,41.16206,-81.57436,2023-09-26 22:36
CUY-024,41.2317,-81.54682,2023-09-26 23:40
CUY-001,41.14926,-81.36835,2023-09-27 08:00
CUY-016,41.11943,-81.52653,2023-09-27 10:59
CUY-008,41.12614,-81.48492,2023-09-27 12:00
CUY-003,41.14953,-81.45575,2023-09-27 12:56
CUY-005,41.14846,-81.46767,2023-09-27 13:49
CUY-006,41.14447,-81.47378,2023-09-27 15:09
CUY-009,41.11889,-81.49276,2023-09-27 16:36
CUY-013,41.12332,-81.51066,2023-09-27 18:44
LET-001,41.73922,-81.26303,2023-09-27 18:54
CUY-015,41.12344,-81.51964,2023-09-27 19:30
CUY-017,41.12441,-81.53132,2023-09-27 19:40
CUY-018,41.13365,-81.54073,2023-09-27 20:14
CUY-019,41.14232,-81.56411,2023-09-27 20:48
CUY-023,41.21587,-81.56212,2023-09-27 21:49
CUY-028,41.29626,-81.5705,2023-09-27 22:33
CUY-027,41.27951,-81.56181,2023-09-27 22:59
CUY-026,41.25518,-81.54969,2023-09-27 23:14
LET-004,41.95302,-80.54491,2023-09-28 14:21
OGN-080,41.95517,-80.61585,2023-09-28 18:50
OGN-079,41.97573,-80.5993,2023-09-28 19:11
OGN-004,41.68505,-83.20136,2023-09-28 19:20
OGN-078,42.00885,-80.62852,2023-09-28 19:28
OGN-001,41.75694,-83.25583,2023-09-28 19:40
OGN-077,42.05855,-80.59458,2023-09-28 19:49
OGN-005,41.88105,-83.14441,2023-09-28 20:15
OGN-006,41.8293,-83.05471,2023-09-28 20:40
ENS-405,41.8586,-82.6,2023-09-29 16:31
MGN-001,41.90605,-83.26078,2023-10-02 16:51
MGN-002,41.82111,-83.37548,2023-10-02 17:52
OGN-008,41.73153,-82.97866,2023-10-02 19:45
OGN-009,41.71464,-82.89326,2023-10-02 20:03
OGN-011,41.63191,-82.89503,2023-10-02 20:22
OGN-012,41.59015,-82.89507,2023-10-02 20:34
MGN-003,41.92979,-83.21855,2023-10-03 16:39
MGN-004,41.92441,-83.27331,2023-10-03 17:18
OGN-014,41.63378,-82.7703,2023-10-03 19:50
OGN-016,41.65074,-82.64757,2023-10-03 20:15
OGN-018,41.50065,-82.6368,2023-10-03 20:49
OGN-017,41.5596,-82.6535,2023-10-03 21:06
MGN-005,41.8435,-83.31143,2023-10-04 15:40
MGN-006,41.8415,-83.3373,2023-10-04 16:49
OGN-073,41.91767,-80.81827,2023-10-04 20:10
OGN-075,41.9063,-80.81738,2023-10-04 20:15
OGN-071,41.9589,-80.8183,2023-10-04 20:59
OGN-070,41.97402,-80.8121,2023-10-04 21:15
OGN-019,41.61954,-82.52378,2023-10-11 19:30
OGN-022,41.54015,-82.48178,2023-10-11 19:48
OGN-025,41.47069,-82.50955,2023-10-11 20:09
OGN-026,41.41242,-82.52001,2023-10-11 20:27
MDR-010,41.95711,-83.1057,2023-10-17 14:36
MDR-011,41.97376,-83.1468,2023-10-17 15:05
MDR-003,41.99979,-83.13146,2023-10-17 15:31
MDR-013,42.04257,-83.12834,2023-10-17 15:56
MDR-001,42.04263,-83.15259,2023-10-17 16:39
DRL-014,42.14344,-83.17152,2023-10-17 17:39
DRL-005,42.08411,-83.18178,2023-10-17 18:27
DRL-001,42.09339,-83.17967,2023-10-17 18:56
DRL-006,42.08794,-83.17226,2023-10-17 19:15
DRL-002,42.10115,-83.14026,2023-10-17 19:38
OGN-027,41.6643,-82.35332,2023-10-17 19:45
DRL-012,42.08004,-83.13163,2023-10-17 20:08
OGN-028,41.55147,-82.36101,2023-10-17 20:11
OGN-029,41.49461,-82.35064,2023-10-17 20:30
DRL-011,42.08587,-83.11759,2023-10-17 20:33
OGN-032,41.44182,-82.35038,2023-10-17 20:47
DRL-013,42.07965,-83.11779,2023-10-17 20:53
DRL-010,42.07392,-83.12199,2023-10-17 21:15
BRC-001,42.15409,-83.12594,2023-10-18 14:37
DRF-002,42.19386,-83.11062,2023-10-18 15:03
DRF-003,42.23007,-83.11014,2023-10-18 15:28
DRF-004,42.24921,-83.11898,2023-10-18 16:07
GRE-002,42.22385,-83.1283,2023-10-18 16:35
DRF-007,42.20146,-83.13488,2023-10-18 16:58
GRW-002,42.21939,-83.13832,2023-10-18 17:24
LEG-1007,41.4514,-82.4246,2023-10-23 12:55
LEG-1008,41.4687,-82.2624,2023-10-23 13:39
LEG-908,41.5839,-82.2483,2023-10-23 14:22
LEG-909,41.586,-82.0853,2023-10-23 15:15
LL-005,41.5297,-82.0033,2023-10-23 15:31
LEG-910,41.5842,-81.9146,2023-10-23 16:11
LEG-911,41.5857,-81.7511,2023-10-23 16:54
LEG-912,41.6143,-81.5979,2023-10-23 17:36
LEG-812,41.7506,-81.5814,2023-10-23 18:26
OGN-069,41.82913,-81.1002,2023-10-23 19:03
LEG-813,41.7614,-81.42,2023-10-23 19:08
OGN-068,41.84752,-81.10048,2023-10-23 19:19
OGN-067,41.85673,-81.10365,2023-10-23 19:35
LEG-814,41.7974,-81.2605,2023-10-23 19:51
OGN-066,41.89872,-81.10325,2023-10-23 19:53
LEG-715,41.9177,-81.085,2023-10-23 20:51
LEG-716,41.9337,-80.9198,2023-10-23 21:34
LEG-617,42.0829,-80.7557,2023-10-23 22:34
LL-009,41.9232,-80.78221,2023-10-24 11:18
LEG-717,41.9556,-80.7586,2023-10-24 11:37
LEG-718,41.988,-80.5997,2023-10-24 12:20
LEG-618,42.0833,-80.5833,2023-10-24 13:00
LEG-619,42.0897,-80.4193,2023-10-24 13:42
LEG-519,42.2491,-80.418,2023-10-24 14:37
MLS-009,41.59188,-83.59334,2023-10-24 15:14
LEG-518,42.2493,-80.5813,2023-10-24 15:17
MLS-011,41.61071,-83.57889,2023-10-24 15:45
LEG-517,42.2534,-80.757,2023-10-24 16:02
MAU-005,41.6243,-83.55581,2023-10-24 16:07
MLS-008,41.63676,-83.53383,2023-10-24 16:32
MAU-006,41.67289,-83.49616,2023-10-24 17:25
MAU-007,41.68054,-83.48797,2023-10-24 17:48
LEG-516,42.2507,-80.9163,2023-10-25 15:12
LEG-616,42.0839,-80.9168,2023-10-25 16:08
LL-010,42.083,-81.0244,2023-10-25 16:43
LEG-615,42.0828,-81.0854,2023-10-25 16:59
LEG-614,42.0802,-81.2507,2023-10-25 17:46
LEG-714,41.9154,-81.2495,2023-10-25 18:40
LEG-713,41.9167,-81.4161,2023-10-25 19:20
LEG-712,41.9161,-81.5824,2023-10-25 20:02
OGN-063,41.77567,-81.27577,2023-10-25 20:26
OGN-062,41.79764,-81.28065,2023-10-25 20:40
OGN-060,41.83464,-81.27337,2023-10-25 21:05
LEG-811,41.7502,-81.7507,2023-10-25 21:15
OGN-059,41.87633,-81.27354,2023-10-25 21:25
LEG-810,41.7504,-81.9147,2023-10-25 21:57
LL-006,41.7842,-81.9495,2023-10-25 22:12
LEG-809,41.7504,-82.0835,2023-10-25 22:48
LSR-001,41.44986,-83.02597,2023-10-26 13:10
LSR-005,41.42918,-83.06025,2023-10-26 14:15
LSR-006,41.42204,-83.063,2023-10-26 14:34
LSR-007,41.42072,-83.06974,2023-10-26 14:51
LSR-008,41.41956,-83.08206,2023-10-26 15:03
LSR-009,41.41374,-83.08413,2023-10-26 15:13
LSR-010,41.40679,-83.07854,2023-10-26 15:31
LSR-011,41.40204,-83.08772,2023-10-26 15:50
LSR-012,41.39898,-83.09893,2023-10-26 16:23
LSR-013,41.39504,-83.10583,2023-10-26 16:53
LSR-014,41.39149,-83.10237,2023-10-26 17:08
LSR-015,41.39279,-83.0912,2023-10-26 17:28
ENS-401,41.4028,-82.5353,2023-10-26 17:39
LSR-016,41.38591,-83.08898,2023-10-26 17:41
LSR-017,41.37938,-83.09594,2023-10-26 17:53
LSR-018,41.37029,-83.09784,2023-10-26 18:03
LSR-019,41.36208,-83.10258,2023-10-26 18:20
LEG-808,41.7506,-82.25,2023-10-30 14:25
LEG-710,41.9163,-81.9153,2023-10-30 16:05
LEG-711,41.9173,-81.7503,2023-10-30 16:50
LEG-613,42.0843,-81.4159,2023-10-30 18:26
LEG-514,42.2508,-81.2508,2023-10-30 19:34
LEG-515,42.2512,-81.0849,2023-10-30 20:16
LEG-511,42.2508,-81.7494,2023-10-31 15:55
LEG-512,42.251,-81.5826,2023-10-31 16:39
LEG-513,42.2505,-81.417,2023-10-31 17:18
LEG-612,42.0845,-81.5832,2023-10-31 18:32
LEG-611,42.0847,-81.7501,2023-10-31 19:16
LEG-610,42.0846,-81.9171,2023-10-31 20:03
LEG-510,42.2301,-81.9101,2023-10-31 20:53
LL-008,42.2499,-81.9297,2023-11-01 12:12
LEG-509,42.2112,-82.0747,2023-11-01 12:57
LEG-607,42.0627,-82.3979,2023-11-01 14:29
LEG-608,42.0828,-82.2487,2023-11-01 15:09
LEG-609,42.0836,-82.0843,2023-11-01 15:58
ENS-404,41.73972,-83.36408,2023-11-01 16:01
LL-007,41.9655,-82.0347,2023-11-01 16:40
LEG-709,41.9177,-82.0836,2023-11-01 17:12
LEG-708,41.9161,-82.2493,2023-11-01 17:54
LEG-707,41.9169,-82.4171,2023-11-01 18:39
LEG-807,41.7507,-82.4163,2023-11-01 19:33
ENS-402,41.50275,-82.67396,2023-11-01 19:58
LEG-907,41.584,-82.4074,2023-11-01 20:28
OGN-034,41.6473,-82.18778,2023-11-14 19:15
OGN-055,41.75008,-81.55342,2023-11-14 19:15
OGN-035,41.54408,-82.17529,2023-11-14 19:35
OGN-056,41.6886,-81.55732,2023-11-14 19:40
OGN-038,41.50682,-82.18773,2023-11-14 19:50
OGN-039,41.48723,-82.15742,2023-11-14 20:02
OGN-057,41.64495,-81.55582,2023-11-14 20:05
OGN-058,41.61853,-81.53285,2023-11-14 20:25
WBA-023,41.6194,-82.8771,2023-11-15 13:30
ENS-105,41.5661,-82.7797,2023-11-15 13:40
LL-001,41.6201,-82.90938,2023-11-15 14:22
WBA-011,41.80676,-82.99256,2023-11-15 14:56
WBA-016,41.71607,-82.98367,2023-11-15 15:00
LL-003,41.82132,-82.92604,2023-11-15 15:09
WBA-006,41.89548,-82.9851,2023-11-15 15:24
LL-004,41.91222,-82.92774,2023-11-15 15:38
WBA-005,41.8975,-82.8654,2023-11-15 15:47
WBA-002,41.9781,-82.7506,2023-11-15 16:10
WBA-004,41.8987,-82.7513,2023-11-15 16:29
WBA-003,41.8913,-82.6167,2023-11-15 16:49
OGN-054,41.50063,-81.75278,2023-11-15 20:30
OGN-041,41.66403,-81.99832,2023-11-15 20:33
OGN-042,41.59935,-81.99511,2023-11-15 20:54
OGN-053,41.53226,-81.78391,2023-11-15 21:02
OGN-044,41.55006,-82.00201,2023-11-15 21:12
OGN-045,41.52492,-81.99496,2023-11-15 21:26
OGN-050,41.58786,-81.76289,2023-11-15 21:30
OGN-048,41.67308,-81.77421,2023-11-15 22:00
LEG-1006,41.4527,-82.5726,2023-11-16 12:50
LEG-906,41.5824,-82.584,2023-11-16 13:38
LEG-806,41.7497,-82.5828,2023-11-16 14:31
OWC-001,41.38263,-82.5144,2023-11-24 05:00
OWC-002,41.365,-82.50472,2023-11-24 05:00
WBA-020,41.639,-83.097,2023-12-01 15:30
LEG-024,41.6729,-83.0431,2023-12-01 16:00
CRB-004,41.64475,-82.99926,2023-12-01 17:12
TSR-102,41.63474,-83.01051,2023-12-01 17:37
WBA-021,41.6266,-82.9906,2023-12-01 18:05
SDB-011,41.47883,-82.82591,2023-12-06 16:17
SDB-010,41.48469,-82.8279,2023-12-06 16:34
USR-002,41.20948,-83.14575,2023-12-07 14:18
LSR-004,41.42848,-83.04752,2023-12-07 18:56
MAU-015,41.69511,-83.46942,2023-12-08 15:13
LSR-002,41.43825,-83.03791,2023-12-15 15:15
LSR-021,41.35264,-83.11129,2023-12-15 16:15
CUY-031,41.39322,-81.62952,2024-02-25 16:35
CUY-030,41.37199,-81.61531,2024-02-25 17:20
CUY-029,41.31774,-81.58641,2024-02-25 18:10
CBR-002,41.77017,-81.22509,2024-03-05 14:58
CBR-003,41.78338,-81.20281,2024-03-05 15:00
CBR-004,41.79486,-81.17357,2024-03-05 15:15
SBI-001,41.35977,-83.09972,2024-03-07 15:34
SBI-002,41.35948,-83.10052,2024-03-07 15:36
SBI-003,41.35865,-83.10041,2024-03-07 15:38
SBI-004,41.35857,-83.10134,2024-03-07 15:41
SBI-005,41.35748,-83.10166,2024-03-07 15:54
SBI-006,41.35805,-83.10214,2024-03-07 15:58
SBI-007,41.35628,-83.10338,2024-03-07 16:05
SBI-008,41.35694,-83.10399,2024-03-07 16:08
SBI-011,41.3555,-83.1069,2024-03-07 16:10
SBI-009,41.35628,-83.10528,2024-03-07 16:18
SBI-010,41.35541,-83.10585,2024-03-07 16:30
SBI-012,41.35489,-83.10706,2024-03-07 16:36
SBI-013,41.35425,-83.10921,2024-03-07 16:42
SBI-014,41.3536,-83.10917,2024-03-07 16:45
SBI-015,41.35326,-83.11025,2024-03-07 16:53
SBI-016,41.35285,-83.11029,2024-03-07 16:57
SBI-017,41.35233,-83.11127,2024-03-07 17:05
SBI-018,41.35576,-83.104,2024-03-07 17:18
SBI-019,41.35532,-83.10417,2024-03-07 17:20
SBI-020,41.35496,-83.10453,2024-03-07 17:24
SBI-021,41.35463,-83.10455,2024-03-07 17:27
SBI-022,41.35425,-83.10492,2024-03-07 17:31
SBI-023,41.35396,-83.10498,2024-03-07 17:39
SBI-024,41.35361,-83.10532,2024-03-07 17:45
SRVPS-001,41.42942,-83.05837,2024-03-11 16:01
SRVPS-002,41.43024,-83.05953,2024-03-11 16:08
SRVPS-003,41.42869,-83.0617,2024-03-11 16:15
SRVPS-004,41.42836,-83.06091,2024-03-11 16:19
SRVPS-005,41.42708,-83.06146,2024-03-11 16:25
SRVPS-006,41.42681,-83.0618,2024-03-11 16:39
SRVPS-007,41.4251,-83.06138,2024-03-11 16:41
SRVPS-008,41.42442,-83.06148,2024-03-11 16:52
SRVPS-009,41.42302,-83.06096,2024-03-11 16:58
SRVPS-010,41.42339,-83.06106,2024-03-11 16:59
SRVPS-020,41.41999,-83.07138,2024-03-11 17:16
SRVPS-019,41.42007,-83.07075,2024-03-11 17:18
SRVPS-018,41.42219,-83.06886,2024-03-11 17:24
SRVPS-017,41.42182,-83.0686,2024-03-11 17:25
SRVPS-016,41.42302,-83.06708,2024-03-11 17:30
SRVPS-015,41.42261,-83.06731,2024-03-11 17:34
SRVPS-011,41.42232,-83.06359,2024-03-11 17:49
SRVPS-012,41.42261,-83.06412,2024-03-11 17:52
SRVPS-013,41.42277,-83.06563,2024-03-11 17:55
SRVPS-014,41.4229,-83.065,2024-03-11 17:59
SRVPS-040,41.41222,-83.08135,2024-03-13 14:15
SRVPS-039,41.4126,-83.0815,2024-03-13 14:22
SRVPS-038,41.41316,-83.08356,2024-03-13 14:27
SRVPS-037,41.41303,-83.0825,2024-03-13 14:32
SRVPS-035,41.41449,-83.08529,2024-03-13 14:34
SRVPS-036,41.41474,-83.08578,2024-03-13 14:38
SRVPS-034,41.41657,-83.08573,2024-03-13 14:41
SRVPS-033,41.41676,-83.08539,2024-03-13 14:43
SRVPS-032,41.41835,-83.08448,2024-03-13 14:50
SRVPS-031,41.41827,-83.08407,2024-03-13 14:55
SRVPS-030,41.41968,-83.08249,2024-03-13 15:33
SRVPS-029,41.41955,-83.08194,2024-03-13 15:35
SRVPS-028,41.41997,-83.07999,2024-03-13 15:38
SRVPS-027,41.41982,-83.0796,2024-03-13 15:42
SRVPS-026,41.41995,-83.07775,2024-03-13 15:46
SRVPS-025,41.41971,-83.07794,2024-03-13 15:48
SRVPS-024,41.41939,-83.07505,2024-03-13 15:52
SRVPS-022,41.41935,-83.07333,2024-03-13 16:01
SRVPS-023,41.4192,-83.0752,2024-03-13 16:01
SRVPS-021,41.419,-83.07305,2024-03-13 16:05
WRC-005,41.6511,-83.1008,2024-03-21 15:00
WRC-001,41.6727,-83.1071,2024-03-21 15:07
WRC-002,41.6668,-83.0665,2024-03-21 15:15
WRC-006,41.6494,-83.0348,2024-03-21 15:25
WRC-003,41.6718,-83.0222,2024-03-21 15:32
WRC-004,41.6676,-82.9793,2024-03-21 15:40
WRC-007,41.6529,-82.9518,2024-03-21 15:47
WRC-011,41.6399,-82.9732,2024-03-21 15:52
WRC-015,41.6255,-82.9502,2024-03-21 15:58
WRC-017,41.61,-82.965,2024-03-21 16:04
WRC-014,41.6201,-82.9837,2024-03-21 16:09
WRC-010,41.6347,-82.9986,2024-03-21 16:15
WRC-013,41.6264,-83.0077,2024-03-21 16:19
WRC-016,41.6085,-83.0054,2024-03-21 16:24
WRC-012,41.6191,-83.0262,2024-03-21 16:31
WRC-009,41.6355,-83.04691,2024-03-21 16:36
WRC-008,41.6302,-83.0772,2024-03-21 16:42
CUY-043,41.54112,-81.65356,2024-04-03 15:04
CUY-042,41.53979,-81.65105,2024-04-03 15:08
CUY-041,41.53674,-81.64914,2024-04-03 15:13
CUY-039,41.53718,-81.65306,2024-04-03 15:18
CUY-040,41.53922,-81.65623,2024-04-03 15:23
CUY-037,41.50927,-81.70292,2024-04-03 16:40
CUY-038,41.51052,-81.70698,2024-04-03 16:44
CUY-036,41.50684,-81.70714,2024-04-03 16:49
CUY-035,41.50784,-81.7116,2024-04-03 16:54
CUY-034,41.50508,-81.71653,2024-04-03 17:03
CUY-032,41.50266,-81.71583,2024-04-03 17:07
CUY-044,41.49573,-81.72741,2024-04-03 17:51
CUY-045,41.49662,-81.72905,2024-04-03 17:55
ENS-228,42.02038,-82.64052,2024-04-04 15:20
SRVPS-080,41.42426,-83.05173,2024-04-04 16:15
SRVPS-053,41.43214,-83.0439,2024-04-04 16:19
SRVPS-082,41.40258,-83.08258,2024-04-04 16:22
SRVPS-098,41.43699,-83.04113,2024-04-04 16:26
SRVPS-103,41.40057,-83.0978,2024-04-04 16:29
SRVPS-052,41.43448,-83.04337,2024-04-04 16:34
SRVPS-051,41.43598,-83.04271,2024-04-04 16:37
SRVPS-094,41.40474,-83.08084,2024-04-04 16:41
SRVPS-102,41.40269,-83.08483,2024-04-04 16:45
SRVPS-087,41.42808,-83.04756,2024-04-04 16:48
SRVPS-096,41.40245,-83.08709,2024-04-04 16:51
SRVPS-078,41.40359,-83.081,2024-04-04 16:55
SRVPS-050,41.41109,-83.07951,2024-04-04 17:38
SRVPS-064,41.42852,-83.048,2024-04-04 17:42
SRVPS-063,41.42627,-83.0558,2024-04-04 17:44
SRVPS-045,41.40352,-83.08266,2024-04-04 17:48
SRVPS-089,41.4314,-83.04544,2024-04-04 17:51
SRVPS-075,41.43377,-83.043,2024-04-04 17:54
SRVPS-070,41.39837,-83.1006,2024-04-04 17:57
SRVPS-073,41.42752,-83.0571,2024-04-04 18:02
SRVPS-091,41.40769,-83.07859,2024-04-04 18:05
SRVPS-061,41.42939,-83.0465,2024-04-04 18:08
SRVPS-044,41.4019,-83.09232,2024-04-04 18:10
SRVPS-090,41.42549,-83.04938,2024-04-04 18:13
SRVPS-059,41.4269,-83.04844,2024-04-04 18:55
SRVPS-058,41.42643,-83.048,2024-04-04 19:00
SRVPS-077,41.40643,-83.078,2024-04-04 19:04
SRVPS-083,41.40941,-83.07848,2024-04-04 19:07
SRVPS-046,41.43066,-83.04505,2024-04-04 19:11
SRVPS-066,41.39931,-83.09813,2024-04-04 19:17
SRVPS-095,41.42473,-83.04926,2024-04-04 19:21
SRVPS-100,41.40164,-83.09615,2024-04-04 19:36
SRVPS-069,41.43812,-83.03882,2024-04-04 19:37
SRVPS-055,41.42814,-83.05665,2024-04-04 19:39
SRVPS-097,41.4059,-83.0794,2024-04-04 19:42
SRVPS-074,41.43006,-83.05854,2024-04-04 19:45
SRVPS-088,41.40831,-83.07758,2024-04-04 20:28
SRVPS-049,41.40236,-83.09393,2024-04-04 20:31
SRVPS-047,41.43747,-83.03686,2024-04-04 20:33
SRVPS-084,41.40258,-83.09166,2024-04-04 20:36
SRVPS-093,41.40197,-83.08976,2024-04-04 20:38
SRVPS-048,41.40199,-83.08482,2024-04-04 20:41
SRVPS-060,41.43,-83.04682,2024-04-04 20:43
SRVPS-101,41.42514,-83.05384,2024-04-04 20:46
SRVPS-081,41.40486,-83.07918,2024-04-04 20:49
SRVPS-041,41.40144,-83.09464,2024-04-04 20:51
SRVPS-042,41.39928,-83.09915,2024-04-04 20:53
SRVPS-079,41.40245,-83.08935,2024-04-04 20:55
SRVPS-062,41.43296,-83.04426,2024-04-04 21:32
SRVPS-092,41.41162,-83.079,2024-04-04 21:34
SRVPS-065,41.43773,-83.03926,2024-04-04 21:37
SRVPS-072,41.42988,-83.06091,2024-04-04 21:38
SRVPS-054,41.43544,-83.04207,2024-04-04 21:41
SRVPS-085,41.42564,-83.05361,2024-04-04 21:43
SRVPS-076,41.4101,-83.07779,2024-04-04 21:47
SRVPS-043,41.43763,-83.04122,2024-04-04 21:48
SRVPS-086,41.40177,-83.08718,2024-04-04 21:51
SRVPS-099,41.40061,-83.09642,2024-04-04 21:53
SRVPS-057,41.42476,-83.0513,2024-04-04 21:55
SRVPS-056,41.42693,-83.05536,2024-04-04 21:57
CUY-046,41.51767,-81.72318,2024-04-09 12:43
CUY-049,41.51032,-81.72534,2024-04-09 12:50
CUY-047,41.51006,-81.72,2024-04-09 12:55
CUY-050,41.51612,-81.71218,2024-04-09 13:03
ENS-201,41.4109,-82.5537,2024-04-09 13:53
ENS-202,41.41771,-82.43105,2024-04-09 14:17
ENS-204,41.45167,-82.25624,2024-04-09 14:38
ENS-205,41.48713,-82.16937,2024-04-09 14:53
CBA-006,41.52,-82.16684,2024-04-09 14:59
CBA-009,41.54,-82.00017,2024-04-09 15:16
CBA-012,41.52,-81.83406,2024-04-09 15:35
CBA-015,41.57,-81.667,2024-04-09 15:53
ENS-209,41.55017,-81.64685,2024-04-09 16:09
ENS-208,41.51719,-81.7178,2024-04-09 17:10
ENS-207,41.49438,-81.84731,2024-04-09 17:28
ENS-206,41.51833,-82.05055,2024-04-09 18:23
LEG-1010,41.49223,-81.89034,2024-04-09 18:23
CBA-003,41.51,-82.33341,2024-04-10 14:48
CBA-002,41.66701,-82.33341,2024-04-10 15:08
CBA-001,41.83328,-82.33341,2024-04-10 15:30
CBA-004,41.83328,-82.16684,2024-04-10 15:47
CBA-007,41.83328,-82.00017,2024-04-10 16:03
CBA-010,41.83328,-81.83406,2024-04-10 16:19
CBA-013,41.83328,-81.667,2024-04-10 16:35
CBA-014,41.66701,-81.667,2024-04-10 16:57
CBA-011,41.66701,-81.83406,2024-04-10 17:13
CBA-008,41.66701,-82.00017,2024-04-10 17:28
CBA-005,41.66701,-82.16684,2024-04-10 18:00
LET-041,41.95304,-80.5454,2024-04-11 14:45
LET-005,41.93517,-80.59174,2024-04-11 16:28
LET-003,41.75421,-80.94833,2024-04-11 19:00
LET-002,41.74228,-81.04752,2024-04-11 20:00
ENS-105,41.56592,-82.7796,2024-04-15 16:01
ENS-109,41.54426,-82.93777,2024-04-15 16:30
LET-001,41.73889,-81.26409,2024-04-18 16:52
CUY-027,41.27951,-81.56181,2024-04-23 19:41
CUY-020,41.16206,-81.57436,2024-04-23 22:00
CUY-021,41.17735,-81.58031,2024-04-23 22:09
LET-006,41.89542,-80.55779,2024-04-25 15:00
CBT-003,41.60711,-82.07412,2024-04-30 04:33
CBT-011,41.66971,-81.96736,2024-04-30 15:04
CBT-009,41.65539,-81.994,2024-04-30 15:11
CBT-006,41.67449,-82.01595,2024-04-30 15:19
CBT-004,41.66093,-82.04171,2024-04-30 15:26
CBT-001,41.67959,-82.06398,2024-04-30 15:33
CBT-002,41.64369,-82.06762,2024-04-30 15:43
CBT-005,41.62356,-82.04561,2024-04-30 15:52
CBT-007,41.63253,-82.0214,2024-04-30 15:58
CBT-010,41.61768,-81.99895,2024-04-30 16:05
CBT-012,41.63273,-81.97234,2024-04-30 16:09
CBT-013,41.59576,-81.97731,2024-04-30 16:17
CBT-008,41.60082,-82.02678,2024-04-30 16:26
HRO-001,41.33245,-82.57842,2024-05-03 15:43
HRO-002,41.36743,-82.54663,2024-05-03 16:00
LSR-021,41.35264,-83.11129,2024-05-09 16:25
LEG-1006,41.4527,-82.5726,2024-05-14 13:09
LEG-906,41.5824,-82.584,2024-05-14 14:20
ENS-101,41.7344,-82.6537,2024-05-14 14:47
LEG-806,41.7497,-82.5828,2024-05-14 15:00
LEG-007,41.92746,-82.67786,2024-05-14 16:00
WBA-003,41.8913,-82.6167,2024-05-14 16:14
LEG-008,41.9263,-82.5457,2024-05-14 16:29
WBA-001,41.9831,-82.6213,2024-05-14 16:48
ENS-228,42.0192,-82.64426,2024-05-14 17:04
WBA-002,41.9781,-82.7506,2024-05-14 17:19
ENS-103,41.9916,-82.7811,2024-05-14 17:33
LEG-006,41.93618,-82.81627,2024-05-14 17:51
WBA-004,41.8987,-82.7513,2024-05-14 18:06
LEG-014,41.8477,-82.6836,2024-05-14 18:41
ENS-104,41.8219,-82.6729,2024-05-14 18:51
WBA-013,41.8029,-82.7479,2024-05-14 19:03
HEN-006,41.776,-82.7861,2024-05-14 19:17
LEG-021,41.7605,-82.8064,2024-05-14 19:28
WBA-014,41.7168,-82.7605,2024-05-14 19:46
ENS-111,41.6199,-82.6949,2024-05-14 20:06
CUY-025,41.24464,-81.55424,2024-05-18 21:00
CUY-024,41.2317,-81.54682,2024-05-18 21:34
CUY-023,41.21587,-81.56212,2024-05-18 22:17
CUY-016,41.11943,-81.52653,2024-05-19 13:05
CUY-017,41.12441,-81.53132,2024-05-19 13:46
CUY-010,41.1229,-81.4956,2024-05-19 18:23
CUY-008,41.12614,-81.48492,2024-05-19 18:31
CUY-009,41.11889,-81.49276,2024-05-19 18:38
CUY-011,41.12344,-81.49782,2024-05-19 18:47
CUY-001,41.14926,-81.36835,2024-05-20 13:43
CUY-002,41.13794,-81.41673,2024-05-20 14:29
CUY-004,41.14539,-81.45888,2024-05-20 16:14
CUY-003,41.14953,-81.45575,2024-05-20 16:38
CUY-006,41.14447,-81.47378,2024-05-20 19:00
CUY-005,41.14846,-81.46767,2024-05-20 19:11
ENS-210,41.68306,-81.43583,2024-05-20 21:44
CUY-022,41.19054,-81.57549,2024-05-20 21:54
ENS-211,41.7713,-81.2775,2024-05-20 22:07
CUY-013,41.12332,-81.51066,2024-05-21 13:28
CUY-015,41.12344,-81.51964,2024-05-21 14:54
ENS-213,41.86773,-80.97149,2024-05-21 18:00
ENS-214,41.89029,-80.85961,2024-05-21 18:15
ENS-212,41.81548,-81.14176,2024-05-21 19:00
CUY-031,41.39322,-81.62952,2024-05-22 11:31
CUY-030,41.37199,-81.61531,2024-05-22 12:26
CUY-029,41.31774,-81.58641,2024-05-22 12:48
CUY-028,41.29626,-81.5705,2024-05-22 13:23
CUY-026,41.25518,-81.54969,2024-05-22 14:54
CUY-018,41.13365,-81.54073,2024-05-22 21:18
CUY-019,41.14177,-81.56286,2024-05-22 22:06
USR-005,41.33349,-83.11472,2024-05-29 16:51
USR-003,41.32692,-83.15158,2024-05-29 17:31
WBA-023,41.6194,-82.8771,2024-05-30 14:34
LEG-028,41.57889,-82.92579,2024-05-30 14:55
LEG-025,41.66797,-82.92733,2024-05-30 15:16
WBA-016,41.71607,-82.98367,2024-05-30 15:44
LEG-020,41.75812,-82.92527,2024-05-30 16:06
WBA-011,41.80676,-82.99256,2024-05-30 16:25
LEG-012,41.847,-82.9265,2024-05-30 17:32
WBA-005,41.8975,-82.8654,2024-05-30 17:49
WBA-006,41.89548,-82.9851,2024-05-30 18:11
LEG-005,41.9363,-82.9259,2024-05-30 18:25
ENS-102,41.9675,-82.9204,2024-05-30 18:35
LEG-013,41.8468,-82.8048,2024-05-30 19:03
ESL-001,41.8214,-82.8494,2024-05-30 19:15
WBA-012,41.8018,-82.8619,2024-05-30 19:25
WBA-015,41.71798,-82.87172,2024-05-30 19:44
ENS-113,41.6605,-82.8151,2024-05-30 19:59
ENS-112,41.6892,-82.7977,2024-05-30 20:10
LEG-026,41.6774,-82.7726,2024-05-30 20:16
WBA-024,41.6295,-82.7567,2024-05-30 20:33
LEG-1008,41.4869,-82.2624,2024-05-31 13:49
LEG-1007,41.4514,-82.4246,2024-05-31 14:00
LEG-908,41.5839,-82.2483,2024-05-31 14:16
LEG-808,41.7506,-82.25,2024-05-31 14:42
LEG-708,41.9161,-82.2493,2024-05-31 15:08
LEG-608,42.0828,-82.2487,2024-05-31 15:29
ENS-225,42.15688,-82.27818,2024-05-31 15:44
ENS-226,42.07123,-82.44348,2024-05-31 16:09
LEG-607,42.0627,-82.3979,2024-05-31 16:24
LEG-707,41.9169,-82.4171,2024-05-31 16:47
LEG-807,41.7507,-82.4163,2024-05-31 17:11
LEG-907,41.584,-82.4074,2024-05-31 17:34
USR-004,41.30868,-83.15789,2024-06-05 13:25
SBR-001,41.50599,-82.75959,2024-06-10 14:50
SBR-002,41.45466,-82.72382,2024-06-10 15:40
LEG-912,41.6143,-81.5979,2024-06-13 13:36
LEG-813,41.7614,-81.42,2024-06-13 16:15
LEG-812,41.7506,-81.5814,2024-06-13 17:06
LEG-814,41.7974,-81.2605,2024-06-13 17:50
LEG-811,41.7502,-81.7507,2024-06-13 17:51
LEG-911,41.5856,-81.7511,2024-06-13 18:41
SRVPS-108,41.42001,-83.08248,2024-06-14 15:08
SRVPS-107,41.42006,-83.0763,2024-06-14 15:15
SRVPS-105,41.42216,-83.0615,2024-06-14 15:34
SRVPS-104,41.42255,-83.06217,2024-06-14 15:38
SRVPS-106,41.41953,-83.07069,2024-06-14 15:44
LEG-810,41.7504,-81.9147,2024-06-17 14:33
LEG-614,42.0802,-81.2507,2024-06-17 22:00
LEG-615,42.0828,-81.0854,2024-06-17 23:01
LEG-511,42.2508,-81.7494,2024-06-18 17:57
LEG-512,42.251,-81.5826,2024-06-18 18:00
LEG-612,42.0845,-81.5832,2024-06-18 20:14
LEG-611,42.0847,-81.7501,2024-06-18 20:59
LEG-610,42.0846,-81.9171,2024-06-18 21:37
LEG-521,42.2503,-80.0833,2024-06-20 22:28
ENS-303,42.1716,-80.1165,2024-06-20 22:43
ENS-304,42.1581,-80.062,2024-06-20 23:02
ENS-305,42.1448,-80.0991,2024-06-20 23:15
ENS-306,42.2144,-79.9232,2024-06-20 23:48
LEG-522,42.2704,-79.9239,2024-06-20 23:58
ENS-216,41.98122,-80.56051,2024-06-21 13:58
LEG-718,41.988,-80.5997,2024-06-21 14:14
LEG-618,42.0833,-80.5833,2024-06-21 14:38
LEG-518,42.2493,-80.5813,2024-06-21 15:00
LEG-519,42.2491,-80.418,2024-06-21 17:27
LEG-520,42.2497,-80.2506,2024-06-21 17:47
LEG-620,42.1173,-80.2599,2024-06-21 18:28
LEG-619,42.0897,-80.4193,2024-06-21 18:48
LEG-004,41.9275,-83.0454,2024-06-24 18:25
LEG-009,41.84694,-83.28753,2024-06-27 04:00
ENS-119,41.70486,-83.26638,2024-06-27 14:51
WBA-018,41.72419,-83.23473,2024-06-27 15:02
LEG-017,41.75776,-83.1652,2024-06-27 15:19
WBA-010,41.80537,-83.10808,2024-06-27 15:30
LEG-010,41.84675,-83.16467,2024-06-27 15:43
WBA-009,41.80171,-83.23264,2024-06-27 15:57
WBA-021,41.62551,-82.98829,2024-06-27 16:00
LEG-016,41.75559,-83.28362,2024-06-27 16:11
ENS-118,41.74478,-83.34385,2024-06-27 16:25
ENS-117,41.76424,-83.39221,2024-06-27 16:36
LEG-015,41.80231,-83.3782,2024-06-27 16:46
ENS-116,41.88851,-83.27914,2024-06-27 17:21
WBA-008,41.89629,-83.21663,2024-06-27 17:35
ENS-114,41.952,-83.21363,2024-06-27 17:46
LEG-003,41.9372,-83.1663,2024-06-27 17:56
WBA-025,41.99767,-83.069,2024-06-27 18:12
WBA-007,41.89524,-83.11332,2024-06-27 18:35
LEG-011,41.8515,-83.0343,2024-06-27 18:49
LEG-019,41.75805,-83.04498,2024-06-27 19:35
LEG-024,41.6729,-83.0431,2024-06-27 19:50
ENS-107,41.59443,-82.99238,2024-06-27 20:17
WBA-020,41.65081,-83.11565,2024-06-27 20:42
LEG-023,41.66924,-83.16514,2024-06-27 20:52
LEG-909,41.5857,-82.0853,2024-06-29 19:11
LEG-809,41.7504,-82.0835,2024-06-29 20:11
LEG-709,41.9177,-82.0836,2024-06-29 21:06
LEG-710,41.9163,-81.9153,2024-06-29 21:47
LEG-711,41.9173,-81.7503,2024-06-29 22:35
LEG-712,41.9161,-81.5824,2024-06-29 23:26
LEG-713,41.9167,-81.4161,2024-06-30 00:09
LEG-714,41.9154,-81.2495,2024-06-30 00:53
LEG-715,41.9177,-81.085,2024-06-30 01:33
LEG-717,41.9556,-80.7586,2024-07-01 23:54
LEG-613,42.0843,-81.4159,2024-07-02 17:32
LEG-513,42.2505,-81.417,2024-07-02 18:04
LEG-514,42.2508,-81.2508,2024-07-02 18:35
LEG-515,42.2512,-81.0849,2024-07-02 19:10
LEG-516,42.2507,-80.9163,2024-07-02 19:42
LEG-517,42.2534,-80.757,2024-07-02 20:23
LEG-617,42.0829,-80.7557,2024-07-02 21:04
LEG-616,42.0839,-80.9168,2024-07-02 21:38
LEG-716,41.9337,-80.9198,2024-07-02 23:02
ENS-215,41.9212,-80.7968,2024-07-02 23:41
ENS-223,42.2514,-81.9036,2024-07-04 22:49
LEG-510,42.2301,-81.9101,2024-07-04 23:02
MDR-010,41.95708,-83.10566,2024-07-11 14:30
MDR-011,41.97377,-83.14682,2024-07-11 14:56
MDR-003,41.9998,-83.13149,2024-07-11 15:20
MDR-013,42.04257,-83.12833,2024-07-11 15:45
MDR-001,42.04262,-83.15259,2024-07-11 16:03
DRL-006,42.08795,-83.17228,2024-07-11 16:59
DRL-005,42.08409,-83.18178,2024-07-11 17:50
CUY-012,41.12282,-81.50212,2024-07-11 20:00
CUY-007,41.13933,-81.47943,2024-07-11 22:13
LEG-910,41.5842,-81.9146,2024-07-17 14:05
DRL-011,42.08585,-83.11761,2024-07-19 14:43
SMB-007,41.58566,-82.73759,2024-07-19 15:21
DRL-010,42.07392,-83.12198,2024-07-19 15:22
SMB-011,41.62649,-82.79973,2024-07-19 16:09
SMB-010,41.63964,-82.85064,2024-07-19 16:33
SMB-019,41.68243,-82.88261,2024-07-19 17:04
DRL-014,42.14343,-83.17154,2024-07-19 17:14
SMB-013,41.68167,-82.8341,2024-07-19 17:30
SMB-014,41.69826,-82.82346,2024-07-19 18:01
SMB-016,41.73445,-82.8533,2024-07-19 18:43
SMB-015,41.72083,-82.79229,2024-07-19 19:16
SMB-012,41.65464,-82.78564,2024-07-19 19:44
DRF-004,42.24921,-83.11901,2024-08-01 13:56
DRF-003,42.23001,-83.11014,2024-08-01 14:18
DRF-002,42.19385,-83.11065,2024-08-01 14:33
DRF-007,42.20144,-83.13488,2024-08-01 16:03
GRW-002,42.2194,-83.13834,2024-08-01 16:26
GRE-002,42.22384,-83.12831,2024-08-01 16:52
ENS-217,42.0313,-80.3705,2024-08-04 22:13
ENS-301,42.08096,-80.24233,2024-08-04 22:49
ENS-302,42.11333,-80.16599,2024-08-04 23:15
SMB-017,41.69443,-82.72799,2024-08-05 13:00
SMB-009,41.67139,-82.69017,2024-08-05 13:28
LEG-609,42.0836,-82.0843,2024-08-13 18:12
LEG-509,42.2112,-82.0747,2024-08-13 18:40
ENS-224,42.2333,-82.0891,2024-08-13 18:49
SMB-018,41.62653,-82.64694,2024-08-14 13:55
SMB-008,41.58986,-82.66263,2024-08-14 14:24
SGN-025,41.63806,-82.8197,2024-09-04 19:41
SGN-024,41.65951,-82.79369,2024-09-04 19:56
SGN-023,41.70604,-82.80996,2024-09-04 20:19
SGN-022,41.71979,-82.80734,2024-09-04 20:33
SGN-030,41.6637,-82.68116,2024-09-10 20:27
SGN-031,41.61268,-82.69237,2024-09-10 20:45
SGN-032,41.61443,-82.67489,2024-09-10 20:57
SGN-033,41.59755,-82.67135,2024-09-10 21:09
SGN-050,41.41168,-82.41636,2024-09-11 19:53
SGN-051,41.41713,-82.44375,2024-09-11 20:05
SGN-052,41.41228,-82.46528,2024-09-11 20:16
SGN-029,41.40074,-82.4624,2024-09-12 20:25
CUY-003,41.5,-81.70963,2024-09-18 18:18
CUY-001,41.43945,-81.67498,2024-09-26 18:20
OGN-006,41.8293,-83.05471,2024-10-02 18:21
OGN-005,41.88105,-83.14441,2024-10-02 18:50
OGN-063,41.77585,-81.27577,2024-10-02 19:30
OGN-062,41.79798,-81.2805,2024-10-02 19:56
OGN-060,41.83524,-81.27306,2024-10-02 20:22
OGN-004,41.68505,-83.20136,2024-10-02 20:30
OGN-059,41.87945,-81.27443,2024-10-02 20:40
OGN-001,41.75694,-83.25583,2024-10-02 20:50
OGN-069,41.82949,-81.10032,2024-10-03 19:03
OGN-068,41.84836,-81.101,2024-10-03 19:43
OGN-067,41.85728,-81.10407,2024-10-03 20:00
OGN-066,41.89872,-81.10325,2024-10-03 20:38
OGN-008,41.73153,-82.97866,2024-10-09 20:10
OGN-009,41.71464,-82.89326,2024-10-09 20:30
OGN-011,41.63191,-82.89503,2024-10-09 20:50
OGN-012,41.59015,-82.89507,2024-10-09 21:05
OGN-014,41.63378,-82.7703,2024-10-10 19:45
OGN-016,41.65074,-82.64757,2024-10-10 20:15
OGN-017,41.5596,-82.6535,2024-10-10 20:30
OGN-018,41.50065,-82.6368,2024-10-10 20:55
SDR-005,42.06586,-82.38896,2024-10-16 17:28
OGN-080,41.95632,-80.61119,2024-10-17 18:57
OGN-079,41.9752,-80.59304,2024-10-17 19:45
OGN-078,42.0103,-80.59248,2024-10-17 19:58
OGN-019,41.61954,-82.52378,2024-10-17 20:00
OGN-022,41.54015,-82.48178,2024-10-17 20:15
OGN-077,42.05948,-80.5938,2024-10-17 20:28
OGN-025,41.47069,-82.50955,2024-10-17 20:30
OGN-026,41.41242,-82.52001,2024-10-17 20:50
CUY-020,41.16206,-81.57436,2024-10-21 16:19
OGN-027,41.6643,-82.35332,2024-10-21 20:20
OGN-028,41.55147,-82.36101,2024-10-21 20:40
OGN-029,41.49461,-82.35064,2024-10-21 21:00
OGN-032,41.44182,-82.35038,2024-10-21 21:15
CUY-013,41.12332,-81.51066,2024-10-22 13:40
CUY-015,41.12344,-81.51964,2024-10-22 16:25
CUY-016,41.11943,-81.52653,2024-10-22 18:54
CUY-017,41.12441,-81.53132,2024-10-22 19:08
CUY-019,41.14177,-81.56286,2024-10-22 20:12
CUY-021,41.17735,-81.58031,2024-10-22 20:50
CUY-022,41.19054,-81.57549,2024-10-22 21:29
CUY-024,41.2317,-81.54682,2024-10-22 21:41
CUY-029,41.31774,-81.58641,2024-10-22 22:16
CUY-030,41.37199,-81.61531,2024-10-22 22:38
CUY-031,41.39322,-81.62952,2024-10-22 23:15
CUY-001,41.14926,-81.36835,2024-10-23 13:16
CUY-002,41.13794,-81.41673,2024-10-23 14:50
CUY-004,41.14539,-81.45888,2024-10-23 16:22
CUY-003,41.14953,-81.45575,2024-10-23 16:29
CUY-005,41.14846,-81.46767,2024-10-23 17:10
CUY-006,41.14447,-81.47378,2024-10-23 18:22
CUY-009,41.11889,-81.49276,2024-10-23 22:02
LET-041,41.95304,-80.5454,2024-10-24 12:44
LET-001,41.73889,-81.26409,2024-10-24 16:59
OGN-034,41.6473,-82.18778,2024-10-24 21:00
OGN-035,41.54408,-82.17529,2024-10-24 21:20
OGN-038,41.50682,-82.18773,2024-10-24 21:35
OGN-039,41.48723,-82.15742,2024-10-24 21:45
CUY-007,41.13933,-81.47943,2024-10-25 17:52
CUY-012,41.12282,-81.50212,2024-10-25 20:03
CUY-025,41.24464,-81.55424,2024-10-25 20:53
CUY-026,41.25518,-81.54969,2024-10-25 20:53
CUY-015,41.12344,-81.51964,2024-10-28 14:41
CUY-044,41.49572,-81.72742,2024-10-28 17:01
CUY-045,41.4968,-81.72875,2024-10-28 17:35
CUY-010,41.1229,-81.4956,2024-10-28 17:44
CUY-050,41.51495,-81.7122,2024-10-28 18:15
CUY-048,41.513,-81.71553,2024-10-28 18:37
CUY-046,41.5177,-81.72333,2024-10-28 18:52
CUY-051,41.51358,-81.72175,2024-10-28 19:10
CUY-047,41.51012,-81.72008,2024-10-28 19:28
CUY-049,41.51032,-81.72534,2024-10-28 19:46
CUY-008,41.12843,-81.48399,2024-10-28 21:15
CUY-039,41.53725,-81.65314,2024-11-04 16:21
CUY-040,41.53933,-81.6563,2024-11-04 16:25
CUY-043,41.54112,-81.65369,2024-11-04 16:29
CUY-042,41.53974,-81.65113,2024-11-04 16:33
CUY-041,41.53704,-81.64913,2024-11-04 16:37
CUY-032,41.50261,-81.71587,2024-11-04 20:04
CUY-034,41.50509,-81.71662,2024-11-04 20:10
CUY-036,41.50708,-81.70719,2024-11-04 21:58
CUY-035,41.50779,-81.71167,2024-11-04 22:05
CUY-038,41.51056,-81.707,2024-11-04 22:10
SRVPS-006,41.42619,-83.06207,2024-11-06 21:33
SRVPS-005,41.42699,-83.06132,2024-11-06 21:38
SRVPS-003,41.42835,-83.06201,2024-11-06 21:41
SRVPS-004,41.4291,-83.06067,2024-11-06 21:45
SRVPS-072,41.43019,-83.06016,2024-11-06 21:49
SRVPS-001,41.42954,-83.05897,2024-11-06 21:51
SRVPS-055,41.42888,-83.05737,2024-11-06 21:55
SRVPS-073,41.42758,-83.05705,2024-11-06 21:59
SRVPS-056,41.42718,-83.05572,2024-11-06 22:01
SRVPS-063,41.42601,-83.05541,2024-11-06 22:03
SRVPS-085,41.42546,-83.05327,2024-11-07 01:31
SRVPS-101,41.42474,-83.05308,2024-11-07 01:34
SRVPS-057,41.42479,-83.05059,2024-11-07 01:37
SRVPS-080,41.4243,-83.0511,2024-11-07 01:41
SRVPS-095,41.42493,-83.04897,2024-11-07 01:45
SRVPS-090,41.42571,-83.04905,2024-11-07 01:47
SRVPS-058,41.42674,-83.04782,2024-11-07 01:53
SRVPS-059,41.42732,-83.04831,2024-11-07 01:57
SRVPS-087,41.42852,-83.04731,2024-11-07 02:01
SRVPS-060,41.42983,-83.04701,2024-11-07 02:03
LSR-022,41.35244,-83.11098,2024-11-25 13:45
LSR-019,41.36207,-83.10254,2024-11-25 14:11
LSR-018,41.37028,-83.09799,2024-11-25 14:25
LSR-017,41.37958,-83.0957,2024-11-25 14:34
LSR-016,41.38627,-83.08885,2024-11-25 14:48
LSR-015,41.39267,-83.09091,2024-11-25 15:05
LSR-014,41.39152,-83.10242,2024-11-25 15:23
LSR-013,41.39513,-83.10531,2024-11-25 15:42
LSR-012,41.39907,-83.09884,2024-11-25 15:53
LSR-011,41.40211,-83.08779,2024-11-25 16:06
LSR-010,41.40698,-83.07847,2024-11-25 16:28
LSR-009,41.4138,-83.08399,2024-11-25 16:37
LSR-008,41.41934,-83.08223,2024-11-25 16:55
LSR-007,41.42078,-83.06972,2024-11-25 17:13
LSR-006,41.4221,-83.06293,2024-11-25 17:32
LSR-005,41.42924,-83.06024,2024-11-25 17:48
LSR-001,41.44984,-83.02593,2024-11-25 18:23
LSR-004,41.42831,-83.04774,2024-11-25 18:45
MLS-009,41.59168,-83.5945,2024-11-27 05:00
MAU-005,41.6243,-83.55573,2024-11-27 15:54
MLS-008,41.63673,-83.53381,2024-11-27 16:15
MAU-006,41.67282,-83.49612,2024-11-27 16:38
MAU-007,41.68055,-83.48808,2024-11-27 16:51
MAU-015,41.6951,-83.46944,2024-11-27 18:24
SDB-010,41.48469,-82.82793,2024-12-11 18:26
USR-002,41.20948,-83.14575,2024-12-27 15:30
USR-001,41.27738,-83.1656,2024-12-27 16:00
LSR-021,41.35264,-83.11129,2024-12-27 17:30
LSR-002,41.43825,-83.03791,2024-12-27 18:15
