animal_id,mfr_tag_id,transmitter_id,tag_serial_number,tag_activation_date,est_tag_life,capture_latitude,capture_longitude,capture_depth,wild_or_hatchery,length,weight,sex_field,sex_molec,release_group,utc_release_date_time,date_of_surgery,glatos_tag_recovered,glatos_caught_date,glatos_project
LAS001,A69-9001-31362,31362,1116085,2011-06-28,3650,42.62837,-82.62978,12.8,wild,1.397,18.1,M,,lower St. Clair,2011-06-28 13:30:00,2011-06-28,no,,HECST
LAS002,A69-9001-31363,31363,1116086,2011-06-28,3650,42.62202,-82.61123,15.54,wild,1.377,17.3,,,lower St. Clair,2011-06-28 14:00:00,2011-06-28,no,,HECST
LAS003,A69-9001-31365,31365,1116088,2011-06-28,3650,42.62222,-82.59195,11.58,wild,1.453,20.2,,,lower St. Clair,2011-06-28 15:30:00,2011-06-28,no,,HECST
LAS004,A69-9001-31364,31364,1116087,2011-06-28,3650,42.62222,-82.59195,11.58,wild,1.41,15.9,,,lower St. Clair,2011-06-28 15:30:00,2011-06-28,no,,HECST
LAS005,A69-9001-31366,31366,1116089,2011-06-28,3650,42.62035,-82.58613,11.27,wild,1.262,10.4,,,lower St. Clair,2011-06-28 15:53:00,2011-06-28,no,,HECST
LAS006,A69-9001-31369,31369,1116092,2011-06-28,3650,42.61905,-82.5745,11.27,wild,1.506,25.1,,,lower St. Clair,2011-06-28 16:11:00,2011-06-28,no,,HECST
LAS007,A69-9001-31367,31367,1116090,2011-06-28,3650,42.61905,-82.5745,11.27,wild,1.537,23.4,,,lower St. Clair,2011-06-28 16:15:00,2011-06-28,no,,HECST
LAS008,A69-9001-31368,31368,1116091,2011-06-28,3650,42.61905,-82.5745,11.27,wild,1.659,33.9,,,lower St. Clair,2011-06-28 16:18:00,2011-06-28,no,,HECST
LAS009,A69-9001-31371,31371,1116094,2012-04-05,3650,42.19775,-82.14671,9.5,wild,1.432,21,F,F,Detroit R.,2012-04-05 13:17:00,2012-04-05,no,,HECST
LAS010,A69-9001-31374,31374,1116097,2012-04-12,3650,42.24346,-83.11138,6.9,wild,1.407,17,,M,Detroit R.,2012-04-12 13:30:00,2012-04-12,no,,HECST
LAS011,A69-9001-31372,31372,1116095,2012-04-12,3650,42.20552,-83.14507,8.5,wild,1.308,17,M,F,Detroit R.,2012-04-12 15:55:00,2012-04-12,no,,HECST
LAS012,A69-9001-31378,31378,1116101,2012-04-18,3650,42.20432,-83.146,9.3,wild,1.541,28,,F,Detroit R.,2012-04-18 12:15:00,2012-04-18,no,,HECST
LAS013,A69-9001-31376,31376,1116099,2012-04-18,3650,42.19768,-83.147,9.2,wild,1.423,21,,F,Detroit R.,2012-04-18 13:20:00,2012-04-18,no,,HECST
LAS014,A69-9001-31379,31379,1116102,2012-04-24,3650,42.19739,-83.14711,9.1,wild,1.421,19,M,F,Detroit R.,2012-04-24 13:20:00,2012-04-24,no,,HECST
LAS015,A69-9001-31382,31382,1116105,2012-04-24,3650,42.19739,-83.14711,8.3,wild,1.306,15,M,M,Detroit R.,2012-04-24 15:55:00,2012-04-24,no,,HECST
LAS016,A69-9001-31384,31384,1116107,2012-04-25,3650,42.17709,-83.16105,9.1,wild,1.302,13.5,M,M,Detroit R.,2012-04-25 12:35:00,2012-04-25,no,,HECST
LAS017,A69-9001-31380,31380,1116103,2012-04-25,3650,42.20409,-83.14586,9.5,wild,1.174,15,M,M,Detroit R.,2012-04-25 13:50:00,2012-04-25,no,,HECST
LAS018,A69-9001-31375,31375,1116098,2012-04-25,3650,42.20409,-83.14586,9.5,wild,1.234,17,M,M,Detroit R.,2012-04-25 13:50:00,2012-04-25,no,,HECST
LAS019,A69-9001-31373,31373,1116096,2012-05-22,3650,42.17411,-83.12202,7.3,wild,1.442,19,,F,Detroit R.,2012-05-22 14:40:00,2012-05-22,no,,HECST
LAS021,A69-9001-31391,31391,1116114,2012-05-30,3650,43.00658,-82.41309,10,wild,1.491,20,M,M,upper St. Clair,2012-05-30 12:00:00,2012-05-30,no,,HECST
LAS023,A69-9001-31395,31395,1116118,2012-05-30,3650,43.00733,-82.41279,10,wild,1.547,24,,M,upper St. Clair,2012-05-30 13:30:00,2012-05-30,no,,HECST
LAS024,A69-9001-31393,31393,1116116,2012-05-30,3650,43.00733,-82.41279,10,wild,1.42,18,M,M,upper St. Clair,2012-05-30 13:30:00,2012-05-30,no,,HECST
LAS025,A69-9001-31394,31394,1116117,2012-05-30,3650,43.00733,-82.41279,10,wild,1.774,45,,F,upper St. Clair,2012-05-30 13:30:00,2012-05-30,no,,HECST
LAS026,A69-9001-31392,31392,1116115,2012-05-30,3650,43.00733,-82.41279,10,wild,1.494,22,M,M,upper St. Clair,2012-05-30 13:30:00,2012-05-30,no,,HECST
LAS020,A69-9001-31377,31377,1116100,2012-05-30,3650,42.62928,-82.63405,12.19,wild,1.778,37,F,F,lower St. Clair,2012-05-30 13:42:00,2012-05-30,no,,HECST
LAS022,A69-9001-31370,31370,1116093,2012-05-30,3650,42.6193,-82.5797,10.97,wild,1.569,31,,F,lower St. Clair,2012-05-30 14:32:00,2012-05-30,no,,HECST
LAS027,A69-9001-31389,31389,1116112,2012-05-30,3650,43.00185,-82.41243,8.7,wild,1.379,16,M,M,upper St. Clair,2012-05-30 17:30:00,2012-05-30,no,,HECST
LAS028,A69-9001-31388,31388,1116111,2012-05-30,3650,43.00185,-82.41243,8.7,wild,1.341,17,,M,upper St. Clair,2012-05-30 17:30:00,2012-05-30,no,,HECST
LAS029,A69-9001-31386,31386,1116109,2012-05-30,3650,43.00185,-82.41243,8.7,wild,1.702,34,,F,upper St. Clair,2012-05-30 17:30:00,2012-05-30,no,,HECST
LAS030,A69-9001-31408,31408,1116131,2012-05-30,3650,43.0137,-82.41352,6.8,wild,1.31,17,M,M,upper St. Clair,2012-05-30 19:30:00,2012-05-30,no,,HECST
LAS031,A69-9001-31406,31406,1116129,2012-05-30,3650,43.0137,-82.41352,6.8,wild,1.391,17,,F,upper St. Clair,2012-05-30 19:30:00,2012-05-30,no,,HECST
LAS032,A69-9001-31390,31390,1116113,2012-05-30,3650,43.0137,-82.41352,6.8,wild,1.524,25,,M,upper St. Clair,2012-05-30 19:30:00,2012-05-30,no,,HECST
LAS033,A69-9001-31387,31387,1116110,2012-05-30,3650,43.0137,-82.41352,6.8,wild,1.545,22,M,M,upper St. Clair,2012-05-30 19:30:00,2012-05-30,no,,HECST
LAS034,A69-9001-31383,31383,1116106,2012-05-31,3650,42.62863,-82.63088,11.58,wild,1.334,15,F,,lower St. Clair,2012-05-31 13:50:00,2012-05-31,no,,HECST
LAS035,A69-9001-31385,31385,1116108,2012-05-31,3650,42.61882,-82.5743,11.27,wild,1.684,30.6,M,F,lower St. Clair,2012-05-31 14:32:00,2012-05-31,no,,HECST
LAS036,A69-9001-31396,31396,1116119,2012-05-31,3650,42.61882,-82.5743,11.27,wild,1.422,19.2,M,F,lower St. Clair,2012-05-31 14:32:00,2012-05-31,no,,HECST
LAS037,A69-9001-31381,31381,1116104,2012-05-31,3650,42.60868,-82.54848,11.88,wild,1.613,28.2,M,M,lower St. Clair,2012-05-31 15:47:00,2012-05-31,no,,HECST
LAS038,A69-9001-31397,31397,1116120,2012-05-31,3650,42.60868,-82.54848,11.88,wild,1.491,20.2,F,F,lower St. Clair,2012-05-31 15:47:00,2012-05-31,no,,HECST
LAS039,A69-9001-31399,31399,1116122,2012-06-01,3650,42.62875,-82.63147,10.97,wild,1.308,13.4,,M,lower St. Clair,2012-06-01 14:03:00,2012-06-01,no,,HECST
LAS040,A69-9001-31401,31401,1116124,2012-06-01,3650,42.62875,-82.63147,10.97,wild,1.372,15,,F,lower St. Clair,2012-06-01 14:03:00,2012-06-01,no,,HECST
LAS041,A69-9001-31403,31403,1116126,2012-06-01,3650,42.6223,-82.61567,10.97,wild,1.262,12,,F,lower St. Clair,2012-06-01 14:52:00,2012-06-01,no,,HECST
LAS042,A69-9001-31405,31405,1116128,2012-06-01,3650,42.61895,-82.57352,10.97,wild,1.631,25.6,,F,lower St. Clair,2012-06-01 15:35:00,2012-06-01,no,,HECST
LAS043,A69-9001-31409,31409,1116132,2012-06-01,3650,42.6161,-82.56833,14.32,wild,1.392,15.6,M,F,lower St. Clair,2012-06-01 16:15:00,2012-06-01,no,,HECST
LAS044,A69-9001-31407,31407,1116130,2012-06-01,3650,42.61427,-82.55893,10.66,wild,1.386,16.4,,F,lower St. Clair,2012-06-01 16:40:00,2012-06-01,no,,HECST
LAS045,A69-9001-31410,31410,1116133,2012-06-05,3650,43.01038,-82.41219,8.55,wild,1.318,21,,F,upper St. Clair,2012-06-05 12:10:00,2012-06-05,no,,HECST
LAS046,A69-9001-31404,31404,1116127,2012-06-05,3650,43.01038,-82.41219,8.55,wild,1.265,19,,M,upper St. Clair,2012-06-05 12:10:00,2012-06-05,no,,HECST
LAS047,A69-9001-31411,31411,1116134,2012-06-05,3650,43.01038,-82.41219,8.55,wild,1.424,24,M,M,upper St. Clair,2012-06-05 12:10:00,2012-06-05,no,,HECST
LAS048,A69-9001-31402,31402,1116125,2012-06-05,3650,43.00672,-82.4131,11.7,wild,1.368,16.5,,F,upper St. Clair,2012-06-05 15:10:00,2012-06-05,no,,HECST
LAS049,A69-9001-31398,31398,1116121,2012-06-05,3650,43.01146,-82.41276,9,wild,1.402,17.5,M,M,upper St. Clair,2012-06-05 17:00:00,2012-06-05,no,,HECST
LAS050,A69-9001-29306,29306,1130431,2012-06-05,3650,43.01337,-82.41353,7.55,wild,1.435,32.1,,F,upper St. Clair,2012-06-05 17:35:00,2012-06-05,no,,HECST
LAS051,A69-9001-31400,31400,1116123,2012-06-05,3650,43.01337,-82.41353,7.55,wild,1.48,33,,M,upper St. Clair,2012-06-05 17:35:00,2012-06-05,no,,HECST
LAS052,A69-9001-29302,29302,1130427,2012-06-05,3650,43.008,-82.41258,10.3,wild,1.395,18,M,M,upper St. Clair,2012-06-05 19:50:00,2012-06-05,no,,HECST
LAS053,A69-9001-29308,29308,1130433,2012-06-05,3650,43.008,-82.41258,10.3,wild,1.511,26.5,,F,upper St. Clair,2012-06-05 19:50:00,2012-06-05,no,,HECST
LAS054,A69-9001-29304,29304,1130429,2012-06-05,3650,43.008,-82.41258,10.3,wild,1.305,14,,M,upper St. Clair,2012-06-05 19:50:00,2012-06-05,no,,HECST
LAS055,A69-9001-29300,29300,1130425,2012-06-05,3650,43.008,-82.41258,10.3,wild,1.301,17,,M,upper St. Clair,2012-06-05 19:50:00,2012-06-05,no,,HECST
LAS056,A69-9001-29326,29326,1130451,2012-06-06,3650,42.61888,-82.57445,10.97,wild,1.537,23.8,,M,lower St. Clair,2012-06-06 14:18:00,2012-06-06,no,,HECST
LAS057,A69-9001-29328,29328,1130453,2012-06-06,3650,42.61888,-82.57445,10.97,wild,1.321,13.6,,M,lower St. Clair,2012-06-06 14:18:00,2012-06-06,no,,HECST
LAS060,A69-9001-29310,29310,1130435,2012-06-06,3650,43.01146,-82.41276,9,wild,1.312,14.5,M,M,upper St. Clair,2012-06-06 14:40:00,2012-06-06,no,,HECST
LAS058,A69-9001-29329,29329,1130454,2012-06-06,3650,42.61865,-82.57212,10.97,wild,1.402,18.6,,F,lower St. Clair,2012-06-06 14:46:00,2012-06-06,no,,HECST
LAS059,A69-9001-29330,29330,1130455,2012-06-06,3650,42.61865,-82.57212,10.97,wild,1.532,21.4,,M,lower St. Clair,2012-06-06 14:46:00,2012-06-06,no,,HECST
LAS061,A69-9001-29332,29332,1130457,2012-06-06,3650,42.61865,-82.57212,10.97,wild,1.595,25.4,,F,lower St. Clair,2012-06-06 14:46:00,2012-06-06,no,,HECST
LAS062,A69-9001-29324,29324,1130449,2012-06-06,3650,42.61865,-82.57212,10.97,wild,1.552,27,,F,lower St. Clair,2012-06-06 14:46:00,2012-06-06,no,,HECST
LAS063,A69-9001-29311,29311,1130436,2012-06-06,3650,43.01038,-82.41219,8.55,wild,1.497,19.5,M,M,upper St. Clair,2012-06-06 16:00:00,2012-06-06,no,,HECST
LAS064,A69-9001-29307,29307,1130432,2012-06-06,3650,43.008,-82.41258,10.3,wild,1.303,15,,F,upper St. Clair,2012-06-06 17:50:00,2012-06-06,no,,HECST
LAS065,A69-9001-29325,29325,1130450,2012-06-07,3650,42.61983,-82.58398,11.27,wild,1.316,13.4,,F,lower St. Clair,2012-06-07 14:14:00,2012-06-07,no,,HECST
LAS066,A69-9001-29334,29334,1130459,2012-06-07,3650,42.61875,-82.57458,11.88,wild,1.687,28.8,,F,lower St. Clair,2012-06-07 14:31:00,2012-06-07,no,,HECST
LAS067,A69-9001-29335,29335,1130460,2012-06-07,3650,42.61875,-82.57458,11.88,wild,1.461,17.4,,M,lower St. Clair,2012-06-07 14:31:00,2012-06-07,no,,HECST
LAS068,A69-9001-29327,29327,1130452,2012-06-07,3650,42.61792,-82.566,12.19,wild,1.605,22.6,,F,lower St. Clair,2012-06-07 15:09:00,2012-06-07,no,,HECST
LAS069,A69-9001-29333,29333,1130458,2012-06-07,3650,42.61792,-82.566,12.19,wild,1.354,15,,F,lower St. Clair,2012-06-07 15:09:00,2012-06-07,no,,HECST
LAS070,A69-9001-29331,29331,1130456,2012-06-08,3650,42.62895,-82.6317,11.27,wild,1.499,24,,F,lower St. Clair,2012-06-08 13:33:00,2012-06-08,no,,HECST
LAS071,A69-9001-29339,29339,1130464,2012-06-08,3650,42.6238,-82.62125,15.24,wild,1.501,25.8,,M,lower St. Clair,2012-06-08 13:55:00,2012-06-08,no,,HECST
LAS072,A69-9001-29341,29341,1130466,2012-06-08,3650,42.61983,-82.58412,11.58,wild,1.549,26.6,,F,lower St. Clair,2012-06-08 14:25:00,2012-06-08,no,,HECST
LAS073,A69-9001-29337,29337,1130462,2012-06-08,3650,42.61877,-82.57498,11.27,wild,1.648,33.6,,F,lower St. Clair,2012-06-08 14:46:00,2012-06-08,no,,HECST
LAS074,A69-9001-29313,29313,1130438,2012-06-18,3650,43.03679,-82.36745,,wild,1.385,34,M,M,Lake Huron,2012-06-18 16:00:00,2012-06-18,no,,HECST
LAS075,A69-9001-29312,29312,1130437,2012-06-18,3650,43.03679,-82.36745,,wild,1.22,24.25,,M,Lake Huron,2012-06-18 16:00:00,2012-06-18,no,,HECST
LAS076,A69-9001-29318,29318,1130443,2012-06-18,3650,43.03679,-82.36745,,wild,1.293,37,,M,Lake Huron,2012-06-18 16:00:00,2012-06-18,no,,HECST
LAS077,A69-9001-29317,29317,1130442,2012-06-18,3650,43.03679,-82.36745,,wild,1.385,39,,F,Lake Huron,2012-06-18 16:00:00,2012-06-18,no,,HECST
LAS078,A69-9001-29314,29314,1130439,2012-06-18,3650,43.03679,-82.36745,,wild,1.422,32.75,M,M,Lake Huron,2012-06-18 16:00:00,2012-06-18,no,,HECST
LAS079,A69-9001-29323,29323,1130448,2012-06-18,3650,43.03679,-82.36745,,wild,1.485,41,,F,Lake Huron,2012-06-18 16:00:00,2012-06-18,no,,HECST
LAS080,A69-9001-29319,29319,1130444,2012-06-18,3650,43.03679,-82.36745,,wild,1.547,45,F,F,Lake Huron,2012-06-18 16:00:00,2012-06-18,no,,HECST
LAS081,A69-9001-29321,29321,1130446,2012-06-18,3650,43.03679,-82.36745,,wild,1.611,63,F,F,Lake Huron,2012-06-18 16:00:00,2012-06-18,no,,HECST
LAS082,A69-9001-29316,29316,1130441,2012-06-18,3650,43.03679,-82.36745,,wild,1.5,46.25,M,M,Lake Huron,2012-06-18 16:00:00,2012-06-18,no,,HECST
LAS083,A69-9001-29315,29315,1130440,2012-06-18,3650,43.03679,-82.36745,,wild,1.4,38.75,M,M,Lake Huron,2012-06-18 16:00:00,2012-06-18,no,,HECST
LAS084,A69-9001-29340,29340,1130465,2013-04-03,3650,42.19715,-83.10967,7.5,wild,1.405,19,M,M,Detroit R.,2013-04-03 17:00:00,2013-04-03,no,,HECST
LAS085,A69-9001-29303,29303,1130428,2013-04-03,3650,42.19715,-83.10967,7.5,wild,1.309,13.5,M,F,Detroit R.,2013-04-03 17:10:00,2013-04-03,no,,HECST
LAS086,A69-9001-29305,29305,1130430,2013-04-03,3650,42.19715,-83.10967,7.5,wild,1.507,21,,F,Detroit R.,2013-04-03 17:20:00,2013-04-03,no,,HECST
LAS087,A69-9001-29342,29342,1130467,2013-04-03,3650,42.19715,-83.10967,7.5,wild,1.375,,M,F,Detroit R.,2013-04-03 17:30:00,2013-04-03,no,,HECST
LAS088,A69-9001-29344,29344,1130469,2013-04-03,3650,42.20393,-83.1461,9.45,wild,1.444,24,M,M,Detroit R.,2013-04-03 22:10:00,2013-04-03,no,,HECST
LAS089,A69-9001-29361,29361,1130486,2013-04-04,3650,42.19715,-83.10967,7.9,wild,1.549,28.5,F,F,Detroit R.,2013-04-04 15:40:00,2013-04-04,no,,HECST
LAS090,A69-9001-29365,29365,1130490,2013-04-11,3650,42.19654,-83.10964,8.9,wild,1.63,27,M,F,Detroit R.,2013-04-11 15:40:00,2013-04-11,no,,HECST
LAS091,A69-9001-29367,29367,1130492,2013-04-12,3650,42.19668,-83.10906,9.6,wild,1.558,31,F,F,Detroit R.,2013-04-12 14:00:00,2013-04-12,no,,HECST
LAS092,A69-9001-29363,29363,1130488,2013-04-12,3650,42.19509,-83.10966,9.6,wild,1.425,21,M,M,Detroit R.,2013-04-12 14:20:00,2013-04-12,no,,HECST
LAS095,A69-9001-29343,29343,1130468,2013-04-12,3650,42.20431,-83.14606,9.2,wild,1.566,30,F,F,Detroit R.,2013-04-12 17:40:00,2013-04-12,no,,HECST
LAS094,A69-9001-29345,29345,1130470,2013-04-12,3650,42.20431,-83.14606,9.2,wild,1.355,15,M,M,Detroit R.,2013-04-12 17:50:00,2013-04-12,no,,HECST
LAS096,A69-9001-29347,29347,1130472,2013-04-12,3650,42.20431,-83.14606,9.2,wild,1.507,23.5,M,M,Detroit R.,2013-04-12 18:00:00,2013-04-12,no,,HECST
LAS093,A69-9001-29320,29320,1130445,2013-04-12,3650,42.20431,-83.14606,9.2,wild,1.642,30,M,M,Detroit R.,2013-04-12 18:10:00,2013-04-12,no,,HECST
LAS097,A69-9001-29322,29322,1130447,2013-04-12,3650,42.20431,-83.14606,9.2,wild,1.703,38.5,F,F,Detroit R.,2013-04-12 18:20:00,2013-04-12,no,,HECST
LAS098,A69-9001-29336,29336,1130461,2013-04-17,3650,42.20424,-83.14601,9.8,wild,1.422,17,M,F,Detroit R.,2013-04-17 14:50:00,2013-04-17,no,,HECST
LAS099,A69-9001-29338,29338,1130463,2013-04-17,3650,42.20424,-83.14601,9.8,wild,1.624,25,F,F,Detroit R.,2013-04-17 15:00:00,2013-04-17,no,,HECST
LAS100,A69-9001-29349,29349,1130474,2013-04-17,3650,42.20424,-83.14601,9.8,wild,1.8,49.5,F,F,Detroit R.,2013-04-17 15:10:00,2013-04-17,no,,HECST
LAS101,A69-9001-29301,29301,1130426,2013-04-17,3650,42.19509,-83.1097,9.9,wild,1.585,31,F,F,Detroit R.,2013-04-17 19:30:00,2013-04-17,no,,HECST
LAS102,A69-9001-29346,29346,1130471,2013-04-17,3650,42.19509,-83.1097,9.9,wild,1.396,21,M,M,Detroit R.,2013-04-17 19:40:00,2013-04-17,no,,HECST
LAS103,A69-9001-29371,29371,1130496,2013-04-17,3650,42.19722,-83.10918,9,wild,1.65,27,F,F,Detroit R.,2013-04-17 21:10:00,2013-04-17,no,,HECST
LAS104,A69-9001-29369,29369,1130494,2013-04-17,3650,42.19722,-83.10918,9,wild,1.58,24,M,F,Detroit R.,2013-04-17 21:20:00,2013-04-17,no,,HECST
LAS105,A69-9001-29362,29362,1130487,2013-04-18,3650,42.20424,-83.14601,9.3,wild,1.502,33,F,F,Detroit R.,2013-04-18 13:00:00,2013-04-18,no,,HECST
LAS106,A69-9001-29360,29360,1130485,2013-04-18,3650,42.19509,-83.1097,9.8,wild,1.275,14,M,F,Detroit R.,2013-04-18 15:20:00,2013-04-18,no,,HECST
LAS107,A69-9001-29364,29364,1130489,2013-04-18,3650,42.19722,-83.10918,9,wild,1.558,32,M,M,Detroit R.,2013-04-18 15:30:00,2013-04-18,no,,HECST
LAS108,A69-9001-29370,29370,1130495,2013-04-24,3650,42.24996,-83.11483,8.7,wild,1.24,14,M,M,Detroit R.,2013-04-24 15:30:00,2013-04-24,no,,HECST
LAS109,A69-9001-29357,29357,1130482,2013-05-23,3650,43.00827,-82.41227,10,wild,1.462,23.5,M,F,upper St. Clair,2013-05-23 11:45:00,2013-05-23,no,,HECST
LAS110,A69-9001-27259,27259,1158844,2013-05-30,3650,42.62425,-82.62013,15.3,wild,1.405,15.4,,F,lower St. Clair,2013-05-30 14:12:00,2013-05-30,no,,HECST
LAS111,A69-9001-27245,27245,1158830,2013-05-30,3650,42.62028,-82.58325,11.2,wild,1.24,10,,M,lower St. Clair,2013-05-30 14:42:00,2013-05-30,no,,HECST
LAS112,A69-9001-27261,27261,1158846,2013-05-30,3650,42.61938,-82.57408,11.3,wild,1.458,22.2,,F,lower St. Clair,2013-05-30 15:12:00,2013-05-30,no,,HECST
LAS113,A69-9001-27255,27255,1158840,2013-05-30,3650,42.61913,-82.57157,11.6,wild,1.486,19.2,M,M,lower St. Clair,2013-05-30 15:41:00,2013-05-30,no,,HECST
LAS114,A69-9001-27246,27246,1158831,2013-05-30,3650,42.6185,-82.56607,12.2,wild,1.207,11.4,M,M,lower St. Clair,2013-05-30 16:15:00,2013-05-30,no,,HECST
LAS115,A69-9001-27241,27241,1158826,2013-05-30,3650,42.6184,-82.56607,12.2,wild,1.552,30,F,F,lower St. Clair,2013-05-30 16:27:00,2013-05-30,no,,HECST
LAS116,A69-9001-27243,27243,1158828,2013-05-30,3650,42.6183,-82.56607,12.2,wild,1.6,45.6,F,F,lower St. Clair,2013-05-30 16:36:00,2013-05-30,no,,HECST
LAS117,A69-9001-27244,27244,1158829,2013-05-30,3650,42.61568,-82.5646,13.4,wild,1.31,14.6,M,M,lower St. Clair,2013-05-30 17:31:00,2013-05-30,no,,HECST
LAS118,A69-9001-27247,27247,1158832,2013-05-30,3650,42.61558,-82.5646,13.4,wild,1.425,16,M,F,lower St. Clair,2013-05-30 17:40:00,2013-05-30,no,,HECST
LAS119,A69-9001-27242,27242,1158827,2013-05-30,3650,42.61548,-82.5646,13.4,wild,1.803,25.3,F,F,lower St. Clair,2013-05-30 17:50:00,2013-05-30,no,,HECST
LAS120,A69-9001-27250,27250,1158835,2013-05-30,3650,42.60708,-82.54267,17.7,wild,1.519,23.9,,F,lower St. Clair,2013-05-30 18:43:00,2013-05-30,no,,HECST
LAS122,A69-9001-29368,29368,1130493,2013-05-31,3650,43.01006,-82.41364,9.8,wild,1.584,26,,F,upper St. Clair,2013-05-31 12:00:00,2013-05-31,no,,HECST
LAS124,A69-9001-29366,29366,1130491,2013-05-31,3650,43.00967,-82.41364,9.8,wild,1.365,17,M,M,upper St. Clair,2013-05-31 12:00:00,2013-05-31,no,,HECST
LAS126,A69-9001-29351,29351,1130476,2013-05-31,3650,43.00933,-82.41364,9.8,wild,1.393,17,M,M,upper St. Clair,2013-05-31 12:00:00,2013-05-31,no,,HECST
LAS128,A69-9001-29355,29355,1130480,2013-05-31,3650,43.00894,-82.41364,9.8,wild,1.503,25,M,M,upper St. Clair,2013-05-31 12:00:00,2013-05-31,no,,HECST
LAS130,A69-9001-29353,29353,1130478,2013-05-31,3650,43.00851,-82.41364,9.8,wild,1.474,21.5,M,M,upper St. Clair,2013-05-31 12:00:00,2013-05-31,no,,HECST
LAS121,A69-9001-27254,27254,1158839,2013-05-31,3650,42.63027,-82.63835,16,wild,1.501,26,,F,lower St. Clair,2013-05-31 13:51:00,2013-05-31,no,,HECST
LAS123,A69-9001-27264,27264,1158849,2013-05-31,3650,42.61923,-82.57428,11.6,wild,1.547,21.4,F,F,lower St. Clair,2013-05-31 15:34:00,2013-05-31,no,,HECST
LAS131,A69-9001-29358,29358,1130483,2013-05-31,3650,43.00774,-82.41405,11.7,wild,1.74,37.5,,F,upper St. Clair,2013-05-31 15:40:00,2013-05-31,no,,HECST
LAS132,A69-9001-29356,29356,1130481,2013-05-31,3650,43.00735,-82.41405,11.7,wild,1.476,23,,M,upper St. Clair,2013-05-31 15:40:00,2013-05-31,no,,HECST
LAS133,A69-9001-29359,29359,1130484,2013-05-31,3650,43.00696,-82.41405,11.7,wild,1.547,24.5,M,M,upper St. Clair,2013-05-31 15:40:00,2013-05-31,no,,HECST
LAS125,A69-9001-27249,27249,1158834,2013-05-31,3650,42.61907,-82.5719,11.6,wild,1.293,13,M,M,lower St. Clair,2013-05-31 15:57:00,2013-05-31,no,,HECST
LAS127,A69-9001-27251,27251,1158836,2013-05-31,3650,42.6157,-82.56472,13.55,wild,1.494,18.6,,M,lower St. Clair,2013-05-31 16:57:00,2013-05-31,no,,HECST
LAS129,A69-9001-27263,27263,1158848,2013-05-31,3650,42.6156,-82.56472,13.55,wild,1.565,31.5,F,F,lower St. Clair,2013-05-31 17:07:00,2013-05-31,no,,HECST
LAS134,A69-9001-29350,29350,1130475,2013-05-31,3650,43.0067,-82.41501,14.7,wild,1.405,17,M,F,upper St. Clair,2013-05-31 19:30:00,2013-05-31,no,,HECST
LAS135,A69-9001-29348,29348,1130473,2013-05-31,3650,43.00655,-82.41501,14.7,wild,1.388,15,M,M,upper St. Clair,2013-05-31 19:30:00,2013-05-31,no,,HECST
LAS136,A69-9001-27279,27279,1158864,2013-05-31,3650,43.0064,-82.41501,14.7,wild,1.525,24,,F,upper St. Clair,2013-05-31 19:30:00,2013-05-31,no,,HECST
LAS137,A69-9001-29352,29352,1130477,2013-05-31,3650,43.00625,-82.41501,14.7,wild,1.369,17.5,M,M,upper St. Clair,2013-05-31 19:30:00,2013-05-31,no,,HECST
LAS138,A69-9001-29354,29354,1130479,2013-05-31,3650,43.0061,-82.41501,14.7,wild,1.517,26,M,M,upper St. Clair,2013-05-31 19:30:00,2013-05-31,no,,HECST
LAS139,A69-9001-27277,27277,1158862,2013-05-31,3650,43.00579,-82.41501,14.7,wild,1.423,17.5,M,M,upper St. Clair,2013-05-31 19:30:00,2013-05-31,no,,HECST
LAS140,A69-9001-27234,27234,1158819,2013-05-31,3650,43.006,-82.41496,13.5,wild,1.412,21,M,M,upper St. Clair,2013-05-31 22:45:00,2013-05-31,no,,HECST
LAS142,A69-9001-27232,27232,1158817,2013-06-04,3650,43.0061,-82.41472,13,wild,1.349,18,,M,upper St. Clair,2013-06-04 12:00:00,2013-06-04,no,,HECST
LAS141,A69-9001-27248,27248,1158833,2013-06-04,3650,42.61978,-82.5844,11,wild,1.529,24.3,,F,lower St. Clair,2013-06-04 14:14:00,2013-06-04,no,,HECST
LAS144,A69-9001-27240,27240,1158825,2013-06-04,3650,43.00617,-82.41515,16,wild,1.475,17,M,M,upper St. Clair,2013-06-04 14:30:00,2013-06-04,no,,HECST
LAS147,A69-9001-27231,27231,1158816,2013-06-04,3650,43.00598,-82.41547,16,wild,1.407,18.5,M,M,upper St. Clair,2013-06-04 14:30:00,2013-06-04,no,,HECST
LAS149,A69-9001-27236,27236,1158821,2013-06-04,3650,43.00579,-82.41579,16,wild,1.736,35,,F,upper St. Clair,2013-06-04 14:30:00,2013-06-04,no,,HECST
LAS151,A69-9001-27229,27229,1158814,2013-06-04,3650,43.0056,-82.41611,16,wild,1.699,27,M,M,upper St. Clair,2013-06-04 14:30:00,2013-06-04,no,,HECST
LAS153,A69-9001-27230,27230,1158815,2013-06-04,3650,43.0054,-82.41643,16,wild,1.372,14,M,F,upper St. Clair,2013-06-04 14:30:00,2013-06-04,no,,HECST
LAS154,A69-9001-27238,27238,1158823,2013-06-04,3650,43.0052,-82.41675,16,wild,1.5,20,M,M,upper St. Clair,2013-06-04 14:30:00,2013-06-04,no,,HECST
LAS143,A69-9001-27256,27256,1158841,2013-06-04,3650,42.61848,-82.57208,11.9,wild,1.402,17.6,,F,lower St. Clair,2013-06-04 14:52:00,2013-06-04,no,,HECST
LAS145,A69-9001-27258,27258,1158843,2013-06-04,3650,42.61838,-82.57208,11.9,wild,1.316,14.2,,M,lower St. Clair,2013-06-04 15:01:00,2013-06-04,no,,HECST
LAS146,A69-9001-27262,27262,1158847,2013-06-04,3650,42.61793,-82.56623,12.05,wild,1.25,12.5,,F,lower St. Clair,2013-06-04 15:48:00,2013-06-04,no,,HECST
LAS148,A69-9001-27252,27252,1158837,2013-06-04,3650,42.6162,-82.56548,13.55,wild,1.745,41.6,F,F,lower St. Clair,2013-06-04 16:11:00,2013-06-04,no,,HECST
LAS150,A69-9001-27253,27253,1158838,2013-06-04,3650,42.61457,-82.55863,11.9,wild,1.298,13.2,,F,lower St. Clair,2013-06-04 17:23:00,2013-06-04,no,,HECST
LAS152,A69-9001-27260,27260,1158845,2013-06-04,3650,42.61005,-82.54972,14.75,wild,1.562,24.6,,F,lower St. Clair,2013-06-04 17:57:00,2013-06-04,no,,HECST
LAS155,A69-9001-27233,27233,1158818,2013-06-04,3650,43.00685,-82.41462,11.7,wild,1.674,39.5,F,F,upper St. Clair,2013-06-04 20:00:00,2013-06-04,no,,HECST
LAS156,A69-9001-27235,27235,1158820,2013-06-04,3650,43.00558,-82.41658,17.9,wild,1.549,25,,F,upper St. Clair,2013-06-04 20:00:00,2013-06-04,no,,HECST
LAS157,A69-9001-27257,27257,1158842,2013-06-05,3650,42.62913,-82.63253,12.5,wild,1.298,14,,M,lower St. Clair,2013-06-05 14:30:00,2013-06-05,no,,HECST
LAS158,A69-9001-27282,27282,1158867,2013-06-05,3650,43.00753,-82.41421,10.6,wild,1.234,12.5,M,M,upper St. Clair,2013-06-05 15:00:00,2013-06-05,no,,HECST
LAS159,A69-9001-27278,27278,1158863,2013-06-05,3650,43.00801,-82.41415,10.2,wild,1.485,25.5,,F,upper St. Clair,2013-06-05 15:45:00,2013-06-05,no,,HECST
LAS160,A69-9001-27237,27237,1158822,2013-06-05,3650,43.00688,-82.41601,14.8,wild,1.333,14.5,M,M,upper St. Clair,2013-06-05 15:45:00,2013-06-05,no,,HECST
LAS161,A69-9001-27280,27280,1158865,2014-04-16,3650,42.19509,-83.1097,10.3,wild,1.378,14,,,Detroit R.,2014-04-16 16:00:00,2014-04-16,no,,HECST
LAS162,A69-9001-27283,27283,1158868,2014-04-16,3650,42.19509,-83.1097,10.3,wild,1.534,23,F,,Detroit R.,2014-04-16 16:00:00,2014-04-16,no,,HECST
LAS163,A69-9001-27239,27239,1158824,2014-04-16,3650,42.19509,-83.1097,10.3,wild,1.678,32,F,,Detroit R.,2014-04-16 16:00:00,2014-04-16,no,,HECST
LAS164,A69-9001-27275,27275,1158860,2014-04-16,3650,42.19509,-83.1097,10.3,wild,1.462,22,F,,Detroit R.,2014-04-16 16:00:00,2014-04-16,no,,HECST
LAS165,A69-9001-27281,27281,1158866,2014-04-16,3650,42.19509,-83.1097,10.3,wild,1.527,23,,,Detroit R.,2014-04-16 16:00:00,2014-04-16,no,,HECST
LAS166,A69-9001-27270,27270,1158855,2014-04-17,3650,42.20394,-83.14617,8.7,wild,1.432,20,,M,Detroit R.,2014-04-17 14:15:00,2014-04-17,no,,HECST
LAS167,A69-9001-27266,27266,1158851,2014-04-17,3650,42.20394,-83.14617,8.7,wild,1.44,20,M,F,Detroit R.,2014-04-17 14:15:00,2014-04-17,no,,HECST
LAS168,A69-9001-27268,27268,1158853,2014-04-17,3650,42.20394,-83.14617,8.7,wild,1.39,16,M,F,Detroit R.,2014-04-17 14:15:00,2014-04-17,no,,HECST
LAS169,A69-9001-27273,27273,1158858,2014-04-17,3650,42.20394,-83.14617,8.7,wild,1.771,36,F,F,Detroit R.,2014-04-17 14:15:00,2014-04-17,no,,HECST
LAS170,A69-9001-27272,27272,1158857,2014-04-17,3650,42.22873,-83.14401,6,wild,1.638,32,,F,Detroit R.,2014-04-17 16:40:00,2014-04-17,no,,HECST
LAS171,A69-9001-27269,27269,1158854,2014-04-17,3650,42.19699,-83.10909,8.7,wild,1.594,23,M,,Detroit R.,2014-04-17 19:00:00,2014-04-17,no,,HECST
LAS172,A69-9001-27276,27276,1158861,2014-04-17,3650,42.19699,-83.10909,8.7,wild,1.372,16,M,,Detroit R.,2014-04-17 19:00:00,2014-04-17,no,,HECST
LAS173,A69-9001-27267,27267,1158852,2014-04-17,3650,42.19699,-83.10909,8.7,wild,1.75,38,F,,Detroit R.,2014-04-17 19:00:00,2014-04-17,no,,HECST
LAS174,A69-9001-27274,27274,1158859,2014-04-17,3650,42.19699,-83.10909,8.7,wild,1.651,30,,,Detroit R.,2014-04-17 19:00:00,2014-04-17,no,,HECST
LAS175,A69-9001-27271,27271,1158856,2014-04-17,3650,42.19699,-83.10909,8.7,wild,1.632,30,F,,Detroit R.,2014-04-17 19:00:00,2014-04-17,no,,HECST
LAS176,A69-9001-25159,25159,1187627,2014-04-23,3650,42.19545,-83.1094,9.9,wild,1.58,33,F,,Detroit R.,2014-04-23 14:50:00,2014-04-23,no,,HECST
LAS177,A69-9001-25149,25149,1187617,2014-04-23,3650,42.19727,-83.10912,7.9,wild,1.444,21,M,,Detroit R.,2014-04-23 15:25:00,2014-04-23,no,,HECST
LAS178,A69-9001-25151,25151,1187619,2014-04-23,3650,42.20424,-83.14601,8.6,wild,1.352,16,M,M,Detroit R.,2014-04-23 18:40:00,2014-04-23,no,,HECST
LAS179,A69-9001-25153,25153,118762,2014-04-23,3650,42.22873,-83.14401,6,wild,1.605,26.5,F,F,Detroit R.,2014-04-23 19:40:00,2014-04-23,no,,HECST
LAS180,A69-9001-27265,27265,1158850,2014-04-24,3650,42.20215,-83.14712,9.9,wild,1.402,18,M,M,Detroit R.,2014-04-24 14:00:00,2014-04-24,no,,HECST
LAS181,A69-9001-25155,25155,118763,2014-04-24,3650,42.20424,-83.14601,8.6,wild,1.375,17.5,M,M,Detroit R.,2014-04-24 15:10:00,2014-04-24,no,,HECST
LAS182,A69-9001-25178,25178,1187646,2014-04-24,3650,42.20424,-83.14601,8.6,wild,1.374,19,M,M,Detroit R.,2014-04-24 15:10:00,2014-04-24,no,,HECST
LAS183,A69-9001-25180,25180,1187648,2014-04-24,3650,42.20424,-83.14601,8.6,wild,1.537,22,M,M,Detroit R.,2014-04-24 15:10:00,2014-04-24,no,,HECST
LAS184,A69-9001-25176,25176,1187644,2014-04-24,3650,42.22873,-83.14401,6,wild,1.766,51,F,F,Detroit R.,2014-04-24 17:20:00,2014-04-24,no,,HECST
LAS185,A69-9001-25157,25157,1187625,2014-04-24,3650,42.22873,-83.14401,6,wild,1.416,18,M,M,Detroit R.,2014-04-24 17:20:00,2014-04-24,no,,HECST
LAS186,A69-9001-25152,25152,1187620,2014-04-25,3650,42.20215,-83.14712,9.9,wild,1.465,21,,F,Detroit R.,2014-04-25 13:30:00,2014-04-25,no,,HECST
LAS187,A69-9001-25150,25150,1187618,2014-04-25,3650,42.20215,-83.14712,9.9,wild,1.701,40.5,F,F,Detroit R.,2014-04-25 13:30:00,2014-04-25,no,,HECST
LAS188,A69-9001-25154,25154,1187622,2014-04-25,3650,42.20215,-83.14712,9.9,wild,1.372,21,M,M,Detroit R.,2014-04-25 13:30:00,2014-04-25,no,,HECST
LAS189,A69-9001-25160,25160,1187628,2014-04-30,3650,42.24053,-83.11163,7.1,wild,1.35,15,M,,Detroit R.,2014-04-30 14:40:00,2014-04-30,no,,HECST
LAS190,A69-9001-25158,25158,1187626,2014-04-30,3650,42.24053,-83.11163,7.1,wild,1.374,22,M,,Detroit R.,2014-04-30 14:40:00,2014-04-30,no,,HECST
LAS191,A69-9001-25156,25156,1187624,2014-04-30,3650,42.17665,-83.16148,7.1,wild,1.489,26,M,M,Detroit R.,2014-04-30 17:00:00,2014-04-30,no,,HECST
LAS192,A69-9001-25183,25183,1187651,2014-04-30,3650,42.17665,-83.16148,7.1,wild,1.391,16,M,M,Detroit R.,2014-04-30 17:00:00,2014-04-30,no,,HECST
LAS193,A69-9001-25179,25179,1187647,2014-04-30,3650,42.20424,-83.14601,8.6,wild,1.38,15,M,M,Detroit R.,2014-04-30 18:30:00,2014-04-30,no,,HECST
LAS194,A69-9001-25181,25181,1187649,2014-04-30,3650,42.20424,-83.14601,8.6,wild,1.515,23,M,M,Detroit R.,2014-04-30 18:30:00,2014-04-30,no,,HECST
LAS195,A69-9001-25184,25184,1187652,2014-04-30,3650,42.22873,-83.14401,6,wild,1.59,26,M,M,Detroit R.,2014-04-30 19:40:00,2014-04-30,no,,HECST
LAS196,A69-9001-25182,25182,1187650,2014-05-01,3650,42.17665,-83.16148,7.1,wild,1.637,34,M,M,Detroit R.,2014-05-01 15:40:00,2014-05-01,no,,HECST
LAS197,A69-9001-25174,25174,1187642,2014-05-01,3650,42.17665,-83.16148,7.1,wild,1.307,15,M,M,Detroit R.,2014-05-01 15:40:00,2014-05-01,no,,HECST
LAS198,A69-9001-25173,25173,1187641,2014-05-01,3650,42.17665,-83.16148,7.1,wild,1.385,18.5,M,M,Detroit R.,2014-05-01 15:40:00,2014-05-01,no,,HECST
LAS199,A69-9001-25175,25175,1187643,2014-05-01,3650,42.24053,-83.11163,7.1,wild,1.43,16.5,M,M,Detroit R.,2014-05-01 19:15:00,2014-05-01,no,,HECST
LAS200,A69-9001-25177,25177,1187645,2014-05-01,3650,42.24053,-83.11163,7.1,wild,1.43,21.5,,F,Detroit R.,2014-05-01 19:15:00,2014-05-01,no,,HECST
LAS204,A69-9001-25162,25162,1187630,2014-05-29,3650,43.00667,-82.41328,10.8,wild,1.51,10,M,M,upper St. Clair,2014-05-29 13:10:00,2014-05-29,no,,HECST
LAS205,A69-9001-25164,25164,1187632,2014-05-29,3650,43.00667,-82.41328,10.8,wild,1.749,41,F,F,upper St. Clair,2014-05-29 13:10:00,2014-05-29,no,,HECST
LAS201,A69-9001-25246,25246,1187714,2014-05-29,3650,42.62937,-82.64093,18.3,wild,1.379,18.4,,F,lower St. Clair,2014-05-29 14:00:00,2014-05-29,no,,HECST
LAS202,A69-9001-25248,25248,1187716,2014-05-29,3650,42.62937,-82.64093,18.3,wild,1.511,24,,F,lower St. Clair,2014-05-29 14:12:00,2014-05-29,no,,HECST
LAS203,A69-9001-25232,25232,1187700,2014-05-29,3650,42.629,-82.6323,12.7,wild,1.321,14.4,,F,lower St. Clair,2014-05-29 14:39:00,2014-05-29,no,,HECST
LAS206,A69-9001-25230,25230,1187698,2014-05-29,3650,42.61982,-82.58392,11.3,wild,1.382,19.2,,M,lower St. Clair,2014-05-29 15:46:00,2014-05-29,no,,HECST
LAS208,A69-9001-25245,25245,1187713,2014-05-29,3650,42.61982,-82.58392,11.3,wild,1.664,36,F,F,lower St. Clair,2014-05-29 15:51:00,2014-05-29,no,,HECST
LAS210,A69-9001-25247,25247,1187715,2014-05-29,3650,42.61982,-82.58392,11.3,wild,1.593,33.8,F,F,lower St. Clair,2014-05-29 15:57:00,2014-05-29,no,,HECST
LAS207,A69-9001-25166,25166,1187634,2014-05-29,3650,43.00723,-82.71314,11,wild,1.226,12,M,M,upper St. Clair,2014-05-29 16:10:00,2014-05-29,no,,HECST
LAS209,A69-9001-25168,25168,1187636,2014-05-29,3650,43.00723,-82.71314,11,wild,1.621,27.5,F,F,upper St. Clair,2014-05-29 16:10:00,2014-05-29,no,,HECST
LAS211,A69-9001-25172,25172,1187640,2014-05-29,3650,43.00723,-82.71314,11,wild,1.629,35,F,F,upper St. Clair,2014-05-29 16:10:00,2014-05-29,no,,HECST
LAS213,A69-9001-25170,25170,1187638,2014-05-29,3650,43.00723,-82.71314,11,wild,1.552,27,,F,upper St. Clair,2014-05-29 16:10:00,2014-05-29,no,,HECST
LAS212,A69-9001-25242,25242,1187710,2014-05-29,3650,42.6156,-82.58987,10.9,wild,1.613,24.4,,F,lower St. Clair,2014-05-29 16:28:00,2014-05-29,no,,HECST
LAS214,A69-9001-25240,25240,1187708,2014-05-29,3650,42.6156,-82.58987,10.9,wild,1.582,31.2,F,F,lower St. Clair,2014-05-29 16:35:00,2014-05-29,no,,HECST
LAS216,A69-9001-25243,25243,1187711,2014-05-29,3650,42.61888,-82.57453,11.6,wild,1.359,12,,M,lower St. Clair,2014-05-29 17:06:00,2014-05-29,no,,HECST
LAS217,A69-9001-25239,25239,1187707,2014-05-29,3650,42.61792,-82.56677,12.7,wild,1.384,15.6,,F,lower St. Clair,2014-05-29 17:31:00,2014-05-29,no,,HECST
LAS215,A69-9001-25163,25163,1187631,2014-05-29,3650,43.00776,-82.41317,10.1,wild,1.498,22,M,M,upper St. Clair,2014-05-29 19:45:00,2014-05-29,no,,HECST
LAS218,A69-9001-25161,25161,1187629,2014-05-29,3650,43.00812,-82.41304,9.2,wild,1.404,16,M,M,upper St. Clair,2014-05-29 20:15:00,2014-05-29,no,,HECST
LAS219,A69-9001-25167,25167,1187635,2014-05-29,3650,43.00893,-82.41283,8.7,wild,1.4,17.5,M,M,upper St. Clair,2014-05-29 22:35:00,2014-05-29,no,,HECST
LAS220,A69-9001-25165,25165,1187633,2014-05-29,3650,43.00893,-82.41283,8.7,wild,1.649,36.5,F,F,upper St. Clair,2014-05-29 22:35:00,2014-05-29,no,,HECST
LAS221,A69-9001-25241,25241,1187709,2014-05-30,3650,42.60665,-82.54537,19.4,wild,1.257,10.6,,M,lower St. Clair,2014-05-30 14:31:00,2014-05-30,no,,HECST
LAS222,A69-9001-25244,25244,1187712,2014-05-30,3650,42.61787,-82.56677,12.8,wild,1.473,19.3,,F,lower St. Clair,2014-05-30 14:57:00,2014-05-30,no,,HECST
LAS223,A69-9001-25234,25234,1187702,2014-05-30,3650,42.61547,-82.59005,11.2,wild,1.384,12,,M,lower St. Clair,2014-05-30 15:47:00,2014-05-30,no,,HECST
LAS224,A69-9001-25235,25235,1187703,2014-05-30,3650,42.61547,-82.59005,11.2,wild,1.671,36,F,F,lower St. Clair,2014-05-30 15:54:00,2014-05-30,no,,HECST
LAS225,A69-9001-25237,25237,1187705,2014-05-30,3650,42.62295,-82.60455,15.9,wild,1.461,21.8,,F,lower St. Clair,2014-05-30 16:27:00,2014-05-30,no,,HECST
LAS226,A69-9001-25238,25238,1187706,2014-05-30,3650,42.62925,-82.64102,18.8,wild,1.313,13.1,,F,lower St. Clair,2014-05-30 17:11:00,2014-05-30,no,,HECST
LAS228,A69-9001-25171,25171,1187639,2014-06-03,3650,42.78153,-82.47247,11.9,wild,1.435,15,M,M,upper St. Clair,2014-06-03 13:30:00,2014-06-03,no,,HECST
LAS230,A69-9001-25207,25207,1187675,2014-06-03,3650,42.78153,-82.47247,11.9,wild,1.512,21,M,M,upper St. Clair,2014-06-03 13:30:00,2014-06-03,no,,HECST
LAS227,A69-9001-25226,25226,1187694,2014-06-03,3650,42.62932,-82.64083,18.6,wild,1.455,19,,F,lower St. Clair,2014-06-03 13:56:00,2014-06-03,no,,HECST
LAS229,A69-9001-25225,25225,1187693,2014-06-03,3650,42.62193,-82.61017,15.1,wild,1.748,33,,F,lower St. Clair,2014-06-03 14:51:00,2014-06-03,no,,HECST
LAS231,A69-9001-25233,25233,1187701,2014-06-03,3650,42.61545,-82.5899,11.2,wild,1.463,19.6,,M,lower St. Clair,2014-06-03 15:21:00,2014-06-03,no,,HECST
LAS232,A69-9001-25222,25222,1187690,2014-06-03,3650,42.61725,-82.57183,12.1,wild,1.3,17,,M,lower St. Clair,2014-06-03 15:47:00,2014-06-03,no,,HECST
LAS234,A69-9001-25169,25169,1187637,2014-06-04,3650,43.00808,-82.41271,9.2,wild,1.293,15,,,upper St. Clair,2014-06-04 12:40:00,2014-06-04,no,,HECST
LAS236,A69-9001-25201,25201,1187669,2014-06-04,3650,43.00808,-82.41271,9.2,wild,1.589,22,M,M,upper St. Clair,2014-06-04 12:40:00,2014-06-04,no,,HECST
LAS238,A69-9001-25203,25203,1187671,2014-06-04,3650,43.00808,-82.41271,9.2,wild,1.553,25,M,M,upper St. Clair,2014-06-04 12:40:00,2014-06-04,no,,HECST
LAS239,A69-9001-25205,25205,1187673,2014-06-04,3650,43.0074,-82.41319,10.7,wild,1.498,27,,F,upper St. Clair,2014-06-04 13:20:00,2014-06-04,no,,HECST
LAS240,A69-9001-25199,25199,1187667,2014-06-04,3650,43.0074,-82.41319,10.7,wild,1.315,15,M,M,upper St. Clair,2014-06-04 13:20:00,2014-06-04,no,,HECST
LAS233,A69-9001-25236,25236,1187704,2014-06-04,3650,42.62285,-82.60447,15.9,wild,1.438,17.7,,M,lower St. Clair,2014-06-04 14:36:00,2014-06-04,no,,HECST
LAS235,A69-9001-25224,25224,1187692,2014-06-04,3650,42.6155,-82.59005,11,wild,1.222,9.8,,M,lower St. Clair,2014-06-04 15:16:00,2014-06-04,yes,7/17/2015,HECST
LAS237,A69-9001-25221,25221,1187689,2014-06-04,3650,42.61798,-82.56703,12.7,wild,1.562,18.8,,F,lower St. Clair,2014-06-04 16:07:00,2014-06-04,no,,HECST
LAS241,A69-9001-25208,25208,1187676,2014-06-04,3650,43.0087,-82.41318,9,wild,1.5,20.5,M,M,upper St. Clair,2014-06-04 17:00:00,2014-06-04,no,,HECST
LAS242,A69-9001-25206,25206,1187674,2014-06-04,3650,43.0087,-82.41318,9,wild,1.564,22.5,M,M,upper St. Clair,2014-06-04 17:00:00,2014-06-04,no,,HECST
LAS243,A69-9001-25202,25202,1187670,2014-06-04,3650,43.0087,-82.41318,9,wild,1.407,16,M,,upper St. Clair,2014-06-04 17:00:00,2014-06-04,no,,HECST
LAS244,A69-9001-25204,25204,1187672,2014-06-04,3650,43.00838,-82.41296,10.8,wild,1.3,15,,,upper St. Clair,2014-06-04 17:40:00,2014-06-04,no,,HECST
LAS245,A69-9001-25197,25197,1187665,2014-06-04,3650,43.00838,-82.41296,10.8,wild,1.452,20.5,M,,upper St. Clair,2014-06-04 17:40:00,2014-06-04,no,,HECST
LAS246,A69-9001-25216,25216,1187682,2014-06-04,3650,43.00878,-82.41372,9.8,wild,1.386,17,M,,upper St. Clair,2014-06-04 21:40:00,2014-06-04,no,,HECST
LAS247,A69-9001-25227,25227,1187695,2014-06-04,3650,43.00878,-82.41372,9.8,wild,1.626,28,M,M,upper St. Clair,2014-06-04 21:40:00,2014-06-04,no,,HECST
LAS248,A69-9001-25231,25231,1187699,2014-06-04,3650,43.00878,-82.41372,9.8,wild,1.424,24,,,upper St. Clair,2014-06-04 21:40:00,2014-06-04,no,,HECST
LAS249,A69-9001-25218,25218,1187686,2014-06-04,3650,43.00928,-82.41368,9.7,wild,1.614,33,F,F,upper St. Clair,2014-06-04 22:15:00,2014-06-04,no,,HECST
LAS250,A69-9001-25198,25198,1187666,2014-06-04,3650,43.00928,-82.41368,9.7,wild,1.506,21,M,M,upper St. Clair,2014-06-04 22:15:00,2014-06-04,no,,HECST
LAS251,A69-9001-25229,25229,1187697,2014-06-04,3650,43.00928,-82.41368,9.7,wild,1.664,44,F,F,upper St. Clair,2014-06-04 22:15:00,2014-06-04,no,,HECST
LAS252,A69-9001-25200,25200,1187668,2014-06-04,3650,43.00928,-82.41368,9.7,wild,1.5,19.5,M,M,upper St. Clair,2014-06-04 22:15:00,2014-06-04,no,,HECST
LAS256,A69-9001-25220,25220,1187688,2014-06-05,3650,43.01114,-82.41363,9.5,wild,1.793,45,F,,upper St. Clair,2014-06-05 13:15:00,2014-06-05,no,,HECST
LAS253,A69-9001-25209,25209,1187677,2014-06-05,3650,42.62288,-82.60442,15.9,wild,1.443,17.4,M,M,lower St. Clair,2014-06-05 14:30:00,2014-06-05,no,,HECST
LAS254,A69-9001-25211,25211,1187679,2014-06-05,3650,42.61982,-82.5842,11,wild,1.524,23.6,,F,lower St. Clair,2014-06-05 14:56:00,2014-06-05,no,,HECST
LAS255,A69-9001-25213,25213,1187681,2014-06-05,3650,42.61505,-82.5575,14,wild,1.549,24.5,M,M,lower St. Clair,2014-06-05 15:43:00,2014-06-05,no,,HECST
LAS257,A69-9001-25219,25219,1187687,2014-06-05,3650,43.0087,-82.41318,9,wild,1.642,33,F,,upper St. Clair,2014-06-05 16:40:00,2014-06-05,no,,HECST
LAS258,A69-9001-25185,25185,1187653,2014-06-25,3650,43.027,-82.345,,wild,1.48,22,F,F,Lake Huron,2014-06-25 16:40:00,2014-06-25,no,,HECST
LAS259,A69-9001-25190,25190,1187658,2014-06-25,3650,43.027,-82.345,,wild,1.374,14,,M,Lake Huron,2014-06-25 16:40:00,2014-06-25,no,,HECST
LAS260,A69-9001-25195,25195,1187663,2014-06-25,3650,43.027,-82.345,,wild,1.42,17,M,M,Lake Huron,2014-06-25 16:40:00,2014-06-25,no,,HECST
LAS261,A69-9001-25193,25193,1187661,2014-06-25,3650,43.027,-82.345,,wild,1.449,17,M,F,Lake Huron,2014-06-25 16:40:00,2014-06-25,no,,HECST
LAS262,A69-9001-25186,25186,1187654,2014-06-25,3650,43.027,-82.345,,wild,1.236,13,M,M,Lake Huron,2014-06-25 16:40:00,2014-06-25,no,,HECST
LAS263,A69-9001-25223,25223,1187691,2014-06-25,3650,43.027,-82.345,,wild,1.321,15,M,M,Lake Huron,2014-06-25 16:40:00,2014-06-25,no,,HECST
LAS264,A69-9001-25187,25187,1187655,2014-06-25,3650,43.027,-82.345,,wild,1.496,24,M,M,Lake Huron,2014-06-25 16:40:00,2014-06-25,no,,HECST
LAS265,A69-9001-25188,25188,1187656,2014-06-25,3650,43.027,-82.345,,wild,1.301,15,M,M,Lake Huron,2014-06-25 16:40:00,2014-06-25,no,,HECST
LAS266,A69-9001-25192,25192,1187660,2014-06-25,3650,43.027,-82.345,,wild,1.531,17,,M,Lake Huron,2014-06-25 16:40:00,2014-06-25,no,,HECST
LAS267,A69-9001-25217,25217,1187685,2014-06-25,3650,43.027,-82.345,,wild,1.675,48,F,F,Lake Huron,2014-06-25 16:40:00,2014-06-25,no,,HECST
LAS268,A69-9001-25191,25191,1187659,2014-06-25,3650,43.027,-82.345,,wild,1.483,26.5,F,F,Lake Huron,2014-06-25 16:40:00,2014-06-25,no,,HECST
LAS270,A69-9001-29376,29376,1130501,2015-06-18,3650,,,,wild,1.692,33.63636364,F,,Lake Huron,2015-06-18 14:00:00,2015-06-18,no,,HECST
LAS271,A69-9001-25228,25228,1187696,2015-06-18,3650,,,,wild,1.649,34.09090909,F,,Lake Huron,2015-06-18 14:00:00,2015-06-18,no,,HECST
LAS272,A69-9001-29372,29372,1130497,2015-06-18,3650,,,,wild,1.422,24.54545455,F,,Lake Huron,2015-06-18 14:00:00,2015-06-18,no,,HECST
LAS273,A69-9001-25210,25210,1187678,2015-06-18,3650,,,,wild,1.37,15.68181818,M,,Lake Huron,2015-06-18 14:00:00,2015-06-18,no,,HECST
LAS274,A69-9001-25215,25215,1187683,2015-06-18,3650,,,,wild,1.537,23.18181818,,,Lake Huron,2015-06-18 14:00:00,2015-06-18,no,,HECST
LAS275,A69-9001-25214,25214,1187682,2015-06-18,3650,,,,wild,1.359,14.54545455,M,,Lake Huron,2015-06-18 14:00:00,2015-06-18,no,,HECST
LAS276,A69-9001-29373,29373,1130498,2015-06-18,3650,,,,wild,1.428,20.45454545,F,,Lake Huron,2015-06-18 14:00:00,2015-06-18,no,,HECST
LAS277,A69-9001-25189,25189,1187657,2015-06-18,3650,,,,wild,1.492,21.59090909,F,,Lake Huron,2015-06-18 14:00:00,2015-06-18,no,,HECST
LAS278,A69-9001-25196,25196,1187664,2015-06-18,3650,,,,wild,1.509,23.63636364,M,,Lake Huron,2015-06-18 14:00:00,2015-06-18,no,,HECST
LAS279,A69-9001-29374,29374,1130499,2015-06-18,3650,,,,wild,1.463,19.77272727,,,Lake Huron,2015-06-18 14:00:00,2015-06-18,no,,HECST
LAS280,A69-9001-25212,25212,1187680,2015-06-18,3650,,,,wild,1.716,42.72727273,F,,Lake Huron,2015-06-18 14:00:00,2015-06-18,no,,HECST
LAS281,A69-9001-29377,29377,1130502,2015-06-18,3650,,,,wild,1.289,13.86363636,M,,Lake Huron,2015-06-18 14:00:00,2015-06-18,no,,HECST
LAS282,A69-9001-25194,25194,1187662,2015-06-18,3650,,,,wild,1.513,17.95454545,M,,Lake Huron,2015-06-18 14:00:00,2015-06-18,no,,HECST
LAS283,A69-9001-29375,29375,1130500,2015-06-18,3650,,,,wild,1.637,30.90909091,F,,Lake Huron,2015-06-18 14:00:00,2015-06-18,no,,HECST
